CREATE DATABASE  IF NOT EXISTS `fintek` /*!40100 DEFAULT CHARACTER SET utf8mb4 COLLATE utf8mb4_0900_ai_ci */ /*!80016 DEFAULT ENCRYPTION='N' */;
USE `fintek`;
-- MySQL dump 10.13  Distrib 8.0.36, for Win64 (x86_64)
--
-- Host: localhost    Database: fintek
-- ------------------------------------------------------
-- Server version	8.0.36

/*!40101 SET @OLD_CHARACTER_SET_CLIENT=@@CHARACTER_SET_CLIENT */;
/*!40101 SET @OLD_CHARACTER_SET_RESULTS=@@CHARACTER_SET_RESULTS */;
/*!40101 SET @OLD_COLLATION_CONNECTION=@@COLLATION_CONNECTION */;
/*!50503 SET NAMES utf8 */;
/*!40103 SET @OLD_TIME_ZONE=@@TIME_ZONE */;
/*!40103 SET TIME_ZONE='+00:00' */;
/*!40014 SET @OLD_UNIQUE_CHECKS=@@UNIQUE_CHECKS, UNIQUE_CHECKS=0 */;
/*!40014 SET @OLD_FOREIGN_KEY_CHECKS=@@FOREIGN_KEY_CHECKS, FOREIGN_KEY_CHECKS=0 */;
/*!40101 SET @OLD_SQL_MODE=@@SQL_MODE, SQL_MODE='NO_AUTO_VALUE_ON_ZERO' */;
/*!40111 SET @OLD_SQL_NOTES=@@SQL_NOTES, SQL_NOTES=0 */;

--
-- Table structure for table `tbl_bcdate`
--

DROP TABLE IF EXISTS `tbl_bcdate`;
/*!40101 SET @saved_cs_client     = @@character_set_client */;
/*!50503 SET character_set_client = utf8mb4 */;
CREATE TABLE `tbl_bcdate` (
  `bcdate_id` int NOT NULL AUTO_INCREMENT,
  `bc_date` varchar(100) NOT NULL,
  `dc_sch_id` int NOT NULL,
  `bc_no` int NOT NULL,
  `bc_status` tinyint(1) NOT NULL,
  PRIMARY KEY (`bcdate_id`)
) ENGINE=InnoDB AUTO_INCREMENT=226 DEFAULT CHARSET=utf8mb4 COLLATE=utf8mb4_0900_ai_ci;
/*!40101 SET character_set_client = @saved_cs_client */;

--
-- Dumping data for table `tbl_bcdate`
--

LOCK TABLES `tbl_bcdate` WRITE;
/*!40000 ALTER TABLE `tbl_bcdate` DISABLE KEYS */;
INSERT INTO `tbl_bcdate` VALUES (173,'2024-07-06',82,1,1),(174,'2024-08-05',82,2,0),(175,'2024-09-05',82,3,0),(176,'2024-07-06',83,1,1),(177,'2024-07-06',83,2,1),(178,'2024-07-06',83,3,1),(179,'2024-07-06',84,1,1),(180,'2024-07-06',84,2,1),(181,'2024-07-06',84,3,1),(182,'2024-07-06',85,1,1),(183,'2024-08-05',85,2,0),(184,'2024-09-05',85,3,0),(185,'2024-07-06',86,1,1),(186,'2024-08-05',86,2,0),(187,'2024-09-05',86,3,0),(188,'2024-07-06',87,1,1),(189,'2024-07-06',87,2,1),(190,'2024-07-05',87,1,0),(191,'2024-08-05',87,2,0),(192,'2024-07-06',88,1,0),(193,'2024-08-05',88,2,0),(194,'2024-09-05',88,3,0),(195,'2024-07-06',89,1,0),(196,'2024-08-05',89,2,0),(197,'2024-09-05',89,3,0),(198,'2024-07-08',90,1,1),(199,'2024-08-07',90,2,0),(200,'2024-09-07',90,3,0),(201,'2024-07-08',91,1,0),(202,'2024-08-07',91,2,0),(203,'2024-09-07',91,3,0),(204,'2024-07-08',92,1,0),(205,'2024-08-07',92,2,0),(206,'2024-09-07',92,3,0),(207,'2024-07-08',93,1,0),(208,'2024-08-07',93,2,0),(209,'2024-09-07',93,3,0),(210,'2024-07-08',94,1,0),(211,'2024-08-07',94,2,0),(212,'2024-09-07',94,3,0),(213,'2024-07-08',95,1,1),(214,'2024-08-07',95,2,0),(215,'2024-09-07',95,3,0),(216,'2024-07-08',96,1,1),(217,'2024-07-08',96,2,1),(218,'2024-07-08',96,3,1),(219,'2024-10-07',96,4,0),(220,'2024-11-07',96,5,0),(221,'2024-12-07',96,6,0),(222,'2025-01-07',96,7,0),(223,'2025-02-07',96,8,0),(224,'2025-03-07',96,9,0),(225,'2025-04-07',96,10,0);
/*!40000 ALTER TABLE `tbl_bcdate` ENABLE KEYS */;
UNLOCK TABLES;

--
-- Table structure for table `tbl_bidding`
--

DROP TABLE IF EXISTS `tbl_bidding`;
/*!40101 SET @saved_cs_client     = @@character_set_client */;
/*!50503 SET character_set_client = utf8mb4 */;
CREATE TABLE `tbl_bidding` (
  `bid_id` int NOT NULL AUTO_INCREMENT,
  `bid_sch_id` int NOT NULL,
  `bid_mem_id` int NOT NULL,
  `bid_month` varchar(200) NOT NULL,
  `bid_amount` int NOT NULL,
  `bid_bcdate_id` int NOT NULL,
  PRIMARY KEY (`bid_id`)
) ENGINE=InnoDB AUTO_INCREMENT=69 DEFAULT CHARSET=utf8mb4 COLLATE=utf8mb4_0900_ai_ci;
/*!40101 SET character_set_client = @saved_cs_client */;

--
-- Dumping data for table `tbl_bidding`
--

LOCK TABLES `tbl_bidding` WRITE;
/*!40000 ALTER TABLE `tbl_bidding` DISABLE KEYS */;
INSERT INTO `tbl_bidding` VALUES (50,82,3,'2024-07',100,173),(51,83,3,'2024-07',100,176),(52,83,13,'2024-07',123,177),(53,83,5,'2024-07',12,178),(54,84,3,'2024-07',100,179),(55,84,13,'2024-07',12,180),(56,84,5,'2024-07',1,181),(57,85,3,'2024-07',100,182),(58,86,3,'2024-07',100,185),(59,87,3,'2024-07',90,188),(60,87,5,'2024-07',100,188),(61,87,3,'2024-07',120,189),(62,90,3,'2024-07',100,198),(63,90,5,'2024-07',200,198),(64,95,5,'2024-07',2500,213),(65,95,30,'2024-07',5000,213),(66,96,13,'2024-07',50000,216),(67,96,5,'2024-07',50000,217),(68,96,37,'2024-07',50000,218);
/*!40000 ALTER TABLE `tbl_bidding` ENABLE KEYS */;
UNLOCK TABLES;

--
-- Table structure for table `tbl_member`
--

DROP TABLE IF EXISTS `tbl_member`;
/*!40101 SET @saved_cs_client     = @@character_set_client */;
/*!50503 SET character_set_client = utf8mb4 */;
CREATE TABLE `tbl_member` (
  `mem_id` int NOT NULL AUTO_INCREMENT,
  `mem_name` varchar(255) NOT NULL,
  `mem_mobile` varchar(20) NOT NULL,
  `mem_address` varchar(255) NOT NULL,
  PRIMARY KEY (`mem_id`)
) ENGINE=InnoDB AUTO_INCREMENT=39 DEFAULT CHARSET=utf8mb4 COLLATE=utf8mb4_0900_ai_ci;
/*!40101 SET character_set_client = @saved_cs_client */;

--
-- Dumping data for table `tbl_member`
--

LOCK TABLES `tbl_member` WRITE;
/*!40000 ALTER TABLE `tbl_member` DISABLE KEYS */;
INSERT INTO `tbl_member` VALUES (1,'agency','7504330404','pune'),(2,'agency_commission','0987654321','456 Oak Avenue'),(3,'chaitanya khandagale','7504330303','pune'),(5,'mangesh','7504330404','pune'),(13,'Kartika','7689765646','Pune '),(30,'Sayali ','9898989898','Pune '),(31,'Priti ','5555555555','Pune '),(32,'Akshay ','4444444444','Mumbai '),(33,'Sanap','1111111111','Pune '),(34,'Rushi','6666665544','Pune '),(35,'Jogi ','3344334433','Pune'),(36,'Ashu','1122333333','Pune '),(37,'Kartik k','1212121212','Pune'),(38,'Raj','5654323444','Pune ');
/*!40000 ALTER TABLE `tbl_member` ENABLE KEYS */;
UNLOCK TABLES;

--
-- Table structure for table `tbl_scheme`
--

DROP TABLE IF EXISTS `tbl_scheme`;
/*!40101 SET @saved_cs_client     = @@character_set_client */;
/*!50503 SET character_set_client = utf8mb4 */;
CREATE TABLE `tbl_scheme` (
  `sch_id` int NOT NULL AUTO_INCREMENT,
  `sch_name` varchar(255) NOT NULL,
  `sch_starting_date` date NOT NULL,
  `sch_month` int NOT NULL,
  `sch_amount_per_head` int NOT NULL,
  `sch_total` int NOT NULL,
  `sch_fiexd_total` int NOT NULL,
  `sch_status` int NOT NULL,
  `sch_commission` int DEFAULT NULL,
  `sch_commission_amount` int DEFAULT NULL,
  PRIMARY KEY (`sch_id`)
) ENGINE=InnoDB AUTO_INCREMENT=97 DEFAULT CHARSET=utf8mb4 COLLATE=utf8mb4_0900_ai_ci;
/*!40101 SET character_set_client = @saved_cs_client */;

--
-- Dumping data for table `tbl_scheme`
--

LOCK TABLES `tbl_scheme` WRITE;
/*!40000 ALTER TABLE `tbl_scheme` DISABLE KEYS */;
INSERT INTO `tbl_scheme` VALUES (96,'Scheme T','2024-07-08',10,10000,100000,100000,1,10,NULL);
/*!40000 ALTER TABLE `tbl_scheme` ENABLE KEYS */;
UNLOCK TABLES;

--
-- Table structure for table `tbl_schememember`
--

DROP TABLE IF EXISTS `tbl_schememember`;
/*!40101 SET @saved_cs_client     = @@character_set_client */;
/*!50503 SET character_set_client = utf8mb4 */;
CREATE TABLE `tbl_schememember` (
  `schmem_id` int NOT NULL AUTO_INCREMENT,
  `schmem_mem_id` int NOT NULL,
  `schmem_sch_id` int NOT NULL,
  PRIMARY KEY (`schmem_id`)
) ENGINE=InnoDB AUTO_INCREMENT=357 DEFAULT CHARSET=utf8mb4 COLLATE=utf8mb4_0900_ai_ci;
/*!40101 SET character_set_client = @saved_cs_client */;

--
-- Dumping data for table `tbl_schememember`
--

LOCK TABLES `tbl_schememember` WRITE;
/*!40000 ALTER TABLE `tbl_schememember` DISABLE KEYS */;
INSERT INTO `tbl_schememember` VALUES (300,3,82),(301,5,82),(302,13,82),(303,3,83),(304,5,83),(305,13,83),(306,3,84),(307,5,84),(308,13,84),(309,3,85),(310,5,85),(311,13,85),(312,3,86),(313,5,86),(314,13,86),(315,3,87),(316,5,87),(317,3,88),(318,5,88),(319,13,88),(320,3,89),(321,5,89),(322,13,89),(323,3,90),(324,5,90),(326,13,90),(327,5,91),(328,13,91),(329,30,91),(330,3,92),(331,5,92),(332,30,92),(333,3,93),(334,5,93),(335,13,93),(336,3,94),(337,5,94),(338,13,94),(339,5,95),(340,13,95),(341,30,95),(342,30,96),(344,5,96),(345,31,96),(346,32,96),(347,33,96),(348,34,96),(349,35,96),(350,36,96),(352,3,96),(356,38,96);
/*!40000 ALTER TABLE `tbl_schememember` ENABLE KEYS */;
UNLOCK TABLES;

--
-- Table structure for table `tbl_transaction`
--

DROP TABLE IF EXISTS `tbl_transaction`;
/*!40101 SET @saved_cs_client     = @@character_set_client */;
/*!50503 SET character_set_client = utf8mb4 */;
CREATE TABLE `tbl_transaction` (
  `t_id` int NOT NULL AUTO_INCREMENT,
  `t_vid` int NOT NULL,
  `t_mem_id` int NOT NULL,
  `t_amount` int NOT NULL,
  `t_sch_id` int NOT NULL,
  `t_remark` varchar(25) DEFAULT NULL,
  `t_bcdate_id` int NOT NULL,
  `created_at` timestamp NULL DEFAULT CURRENT_TIMESTAMP,
  `created_by` varchar(50) DEFAULT NULL,
  `updated_at` timestamp NULL DEFAULT CURRENT_TIMESTAMP ON UPDATE CURRENT_TIMESTAMP,
  `updated_by` varchar(50) DEFAULT NULL,
  PRIMARY KEY (`t_id`)
) ENGINE=InnoDB AUTO_INCREMENT=1089 DEFAULT CHARSET=utf8mb4 COLLATE=utf8mb4_0900_ai_ci;
/*!40101 SET character_set_client = @saved_cs_client */;

--
-- Dumping data for table `tbl_transaction`
--

LOCK TABLES `tbl_transaction` WRITE;
/*!40000 ALTER TABLE `tbl_transaction` DISABLE KEYS */;
INSERT INTO `tbl_transaction` VALUES (399,727,3,-100,83,'1',176,'2024-07-06 06:40:45',NULL,'2024-07-06 06:40:45',NULL),(400,727,5,-100,83,'1',176,'2024-07-06 06:40:45',NULL,'2024-07-06 06:40:45',NULL),(401,727,13,-100,83,'1',176,'2024-07-06 06:40:45',NULL,'2024-07-06 06:40:45',NULL),(402,727,1,300,83,'2',176,'2024-07-06 06:40:45',NULL,'2024-07-06 06:40:45',NULL),(403,728,1,-300,83,'2',176,'2024-07-06 06:40:45',NULL,'2024-07-06 06:40:45',NULL),(404,728,3,200,83,'3',176,'2024-07-06 06:40:45',NULL,'2024-07-06 06:40:45',NULL),(405,728,2,10,83,'4',176,'2024-07-06 06:40:45',NULL,'2024-07-06 06:40:45',NULL),(406,728,3,30,83,'5',176,'2024-07-06 06:40:45',NULL,'2024-07-06 06:40:45',NULL),(407,728,5,30,83,'5',176,'2024-07-06 06:40:45',NULL,'2024-07-06 06:40:45',NULL),(408,728,13,30,83,'5',176,'2024-07-06 06:40:45',NULL,'2024-07-06 06:40:45',NULL),(409,729,3,-100,83,'1',176,'2024-07-06 06:40:50',NULL,'2024-07-06 06:40:50',NULL),(410,729,5,-100,83,'1',176,'2024-07-06 06:40:50',NULL,'2024-07-06 06:40:50',NULL),(411,729,13,-100,83,'1',176,'2024-07-06 06:40:50',NULL,'2024-07-06 06:40:50',NULL),(412,729,1,300,83,'2',176,'2024-07-06 06:40:50',NULL,'2024-07-06 06:40:50',NULL),(413,730,1,-300,83,'2',176,'2024-07-06 06:40:50',NULL,'2024-07-06 06:40:50',NULL),(414,730,3,200,83,'3',176,'2024-07-06 06:40:50',NULL,'2024-07-06 06:40:50',NULL),(415,730,2,10,83,'4',176,'2024-07-06 06:40:50',NULL,'2024-07-06 06:40:50',NULL),(416,730,3,30,83,'5',176,'2024-07-06 06:40:50',NULL,'2024-07-06 06:40:50',NULL),(417,730,5,30,83,'5',176,'2024-07-06 06:40:50',NULL,'2024-07-06 06:40:50',NULL),(418,730,13,30,83,'5',176,'2024-07-06 06:40:50',NULL,'2024-07-06 06:40:50',NULL),(419,731,3,-100,83,'1',177,'2024-07-06 06:59:42',NULL,'2024-07-06 06:59:42',NULL),(420,731,5,-100,83,'1',177,'2024-07-06 06:59:42',NULL,'2024-07-06 06:59:42',NULL),(421,731,13,-100,83,'1',177,'2024-07-06 06:59:42',NULL,'2024-07-06 06:59:42',NULL),(422,731,1,300,83,'2',177,'2024-07-06 06:59:42',NULL,'2024-07-06 06:59:42',NULL),(423,732,1,-300,83,'2',177,'2024-07-06 06:59:42',NULL,'2024-07-06 06:59:42',NULL),(424,732,13,177,83,'3',177,'2024-07-06 06:59:42',NULL,'2024-07-06 06:59:42',NULL),(425,732,2,12,83,'4',177,'2024-07-06 06:59:42',NULL,'2024-07-06 06:59:42',NULL),(426,732,3,37,83,'5',177,'2024-07-06 06:59:42',NULL,'2024-07-06 06:59:42',NULL),(427,732,5,37,83,'5',177,'2024-07-06 06:59:42',NULL,'2024-07-06 06:59:42',NULL),(428,732,13,37,83,'5',177,'2024-07-06 06:59:42',NULL,'2024-07-06 06:59:42',NULL),(429,733,3,-100,83,'1',177,'2024-07-06 06:59:47',NULL,'2024-07-06 06:59:47',NULL),(430,733,5,-100,83,'1',177,'2024-07-06 06:59:47',NULL,'2024-07-06 06:59:47',NULL),(431,733,13,-100,83,'1',177,'2024-07-06 06:59:47',NULL,'2024-07-06 06:59:47',NULL),(432,733,1,300,83,'2',177,'2024-07-06 06:59:47',NULL,'2024-07-06 06:59:47',NULL),(433,734,1,-300,83,'2',177,'2024-07-06 06:59:47',NULL,'2024-07-06 06:59:47',NULL),(434,734,13,177,83,'3',177,'2024-07-06 06:59:47',NULL,'2024-07-06 06:59:47',NULL),(435,734,2,12,83,'4',177,'2024-07-06 06:59:47',NULL,'2024-07-06 06:59:47',NULL),(436,734,3,37,83,'5',177,'2024-07-06 06:59:47',NULL,'2024-07-06 06:59:47',NULL),(437,734,5,37,83,'5',177,'2024-07-06 06:59:47',NULL,'2024-07-06 06:59:47',NULL),(438,734,13,37,83,'5',177,'2024-07-06 06:59:47',NULL,'2024-07-06 06:59:47',NULL),(439,735,3,-100,83,'1',177,'2024-07-06 06:59:48',NULL,'2024-07-06 06:59:48',NULL),(440,735,5,-100,83,'1',177,'2024-07-06 06:59:48',NULL,'2024-07-06 06:59:48',NULL),(441,735,13,-100,83,'1',177,'2024-07-06 06:59:48',NULL,'2024-07-06 06:59:48',NULL),(442,735,1,300,83,'2',177,'2024-07-06 06:59:48',NULL,'2024-07-06 06:59:48',NULL),(443,736,1,-300,83,'2',177,'2024-07-06 06:59:48',NULL,'2024-07-06 06:59:48',NULL),(444,736,13,177,83,'3',177,'2024-07-06 06:59:48',NULL,'2024-07-06 06:59:48',NULL),(445,736,2,12,83,'4',177,'2024-07-06 06:59:48',NULL,'2024-07-06 06:59:48',NULL),(446,736,5,37,83,'5',177,'2024-07-06 06:59:48',NULL,'2024-07-06 06:59:48',NULL),(447,736,3,37,83,'5',177,'2024-07-06 06:59:48',NULL,'2024-07-06 06:59:48',NULL),(448,736,13,37,83,'5',177,'2024-07-06 06:59:48',NULL,'2024-07-06 06:59:48',NULL),(449,737,3,-100,83,'1',177,'2024-07-06 06:59:49',NULL,'2024-07-06 06:59:49',NULL),(450,737,5,-100,83,'1',177,'2024-07-06 06:59:49',NULL,'2024-07-06 06:59:49',NULL),(451,737,13,-100,83,'1',177,'2024-07-06 06:59:49',NULL,'2024-07-06 06:59:49',NULL),(452,737,1,300,83,'2',177,'2024-07-06 06:59:49',NULL,'2024-07-06 06:59:49',NULL),(453,738,1,-300,83,'2',177,'2024-07-06 06:59:49',NULL,'2024-07-06 06:59:49',NULL),(454,738,13,177,83,'3',177,'2024-07-06 06:59:49',NULL,'2024-07-06 06:59:49',NULL),(455,738,2,12,83,'4',177,'2024-07-06 06:59:49',NULL,'2024-07-06 06:59:49',NULL),(456,738,3,37,83,'5',177,'2024-07-06 06:59:49',NULL,'2024-07-06 06:59:49',NULL),(457,738,5,37,83,'5',177,'2024-07-06 06:59:49',NULL,'2024-07-06 06:59:49',NULL),(458,738,13,37,83,'5',177,'2024-07-06 06:59:49',NULL,'2024-07-06 06:59:49',NULL),(459,739,3,-100,83,'1',177,'2024-07-06 06:59:49',NULL,'2024-07-06 06:59:49',NULL),(460,739,5,-100,83,'1',177,'2024-07-06 06:59:49',NULL,'2024-07-06 06:59:49',NULL),(461,739,13,-100,83,'1',177,'2024-07-06 06:59:49',NULL,'2024-07-06 06:59:49',NULL),(462,739,1,300,83,'2',177,'2024-07-06 06:59:49',NULL,'2024-07-06 06:59:49',NULL),(463,740,1,-300,83,'2',177,'2024-07-06 06:59:49',NULL,'2024-07-06 06:59:49',NULL),(464,740,13,177,83,'3',177,'2024-07-06 06:59:49',NULL,'2024-07-06 06:59:49',NULL),(465,740,2,12,83,'4',177,'2024-07-06 06:59:49',NULL,'2024-07-06 06:59:49',NULL),(466,740,3,37,83,'5',177,'2024-07-06 06:59:49',NULL,'2024-07-06 06:59:49',NULL),(467,740,5,37,83,'5',177,'2024-07-06 06:59:49',NULL,'2024-07-06 06:59:49',NULL),(468,740,13,37,83,'5',177,'2024-07-06 06:59:49',NULL,'2024-07-06 06:59:49',NULL),(469,741,3,-100,83,'1',177,'2024-07-06 06:59:49',NULL,'2024-07-06 06:59:49',NULL),(470,741,5,-100,83,'1',177,'2024-07-06 06:59:49',NULL,'2024-07-06 06:59:49',NULL),(471,741,13,-100,83,'1',177,'2024-07-06 06:59:49',NULL,'2024-07-06 06:59:49',NULL),(472,741,1,300,83,'2',177,'2024-07-06 06:59:49',NULL,'2024-07-06 06:59:49',NULL),(473,742,1,-300,83,'2',177,'2024-07-06 06:59:49',NULL,'2024-07-06 06:59:49',NULL),(474,742,13,177,83,'3',177,'2024-07-06 06:59:49',NULL,'2024-07-06 06:59:49',NULL),(475,742,2,12,83,'4',177,'2024-07-06 06:59:49',NULL,'2024-07-06 06:59:49',NULL),(476,742,3,37,83,'5',177,'2024-07-06 06:59:49',NULL,'2024-07-06 06:59:49',NULL),(477,742,5,37,83,'5',177,'2024-07-06 06:59:49',NULL,'2024-07-06 06:59:49',NULL),(478,742,13,37,83,'5',177,'2024-07-06 06:59:49',NULL,'2024-07-06 06:59:49',NULL),(479,743,3,-100,83,'1',177,'2024-07-06 06:59:49',NULL,'2024-07-06 06:59:49',NULL),(480,743,5,-100,83,'1',177,'2024-07-06 06:59:49',NULL,'2024-07-06 06:59:49',NULL),(481,743,13,-100,83,'1',177,'2024-07-06 06:59:49',NULL,'2024-07-06 06:59:49',NULL),(482,743,1,300,83,'2',177,'2024-07-06 06:59:49',NULL,'2024-07-06 06:59:49',NULL),(483,744,1,-300,83,'2',177,'2024-07-06 06:59:49',NULL,'2024-07-06 06:59:49',NULL),(484,744,13,177,83,'3',177,'2024-07-06 06:59:49',NULL,'2024-07-06 06:59:49',NULL),(485,744,2,12,83,'4',177,'2024-07-06 06:59:49',NULL,'2024-07-06 06:59:49',NULL),(486,744,3,37,83,'5',177,'2024-07-06 06:59:49',NULL,'2024-07-06 06:59:49',NULL),(487,744,5,37,83,'5',177,'2024-07-06 06:59:49',NULL,'2024-07-06 06:59:49',NULL),(488,744,13,37,83,'5',177,'2024-07-06 06:59:49',NULL,'2024-07-06 06:59:49',NULL),(489,745,3,-100,83,'1',177,'2024-07-06 06:59:50',NULL,'2024-07-06 06:59:50',NULL),(490,745,5,-100,83,'1',177,'2024-07-06 06:59:50',NULL,'2024-07-06 06:59:50',NULL),(491,745,13,-100,83,'1',177,'2024-07-06 06:59:50',NULL,'2024-07-06 06:59:50',NULL),(492,745,1,300,83,'2',177,'2024-07-06 06:59:50',NULL,'2024-07-06 06:59:50',NULL),(493,746,1,-300,83,'2',177,'2024-07-06 06:59:50',NULL,'2024-07-06 06:59:50',NULL),(494,746,13,177,83,'3',177,'2024-07-06 06:59:50',NULL,'2024-07-06 06:59:50',NULL),(495,746,2,12,83,'4',177,'2024-07-06 06:59:50',NULL,'2024-07-06 06:59:50',NULL),(496,746,3,37,83,'5',177,'2024-07-06 06:59:50',NULL,'2024-07-06 06:59:50',NULL),(497,746,5,37,83,'5',177,'2024-07-06 06:59:50',NULL,'2024-07-06 06:59:50',NULL),(498,746,13,37,83,'5',177,'2024-07-06 06:59:50',NULL,'2024-07-06 06:59:50',NULL),(499,747,3,-100,83,'1',177,'2024-07-06 06:59:50',NULL,'2024-07-06 06:59:50',NULL),(500,747,5,-100,83,'1',177,'2024-07-06 06:59:50',NULL,'2024-07-06 06:59:50',NULL),(501,747,13,-100,83,'1',177,'2024-07-06 06:59:50',NULL,'2024-07-06 06:59:50',NULL),(502,747,1,300,83,'2',177,'2024-07-06 06:59:50',NULL,'2024-07-06 06:59:50',NULL),(503,748,1,-300,83,'2',177,'2024-07-06 06:59:50',NULL,'2024-07-06 06:59:50',NULL),(504,748,13,177,83,'3',177,'2024-07-06 06:59:50',NULL,'2024-07-06 06:59:50',NULL),(505,748,2,12,83,'4',177,'2024-07-06 06:59:50',NULL,'2024-07-06 06:59:50',NULL),(506,748,3,37,83,'5',177,'2024-07-06 06:59:50',NULL,'2024-07-06 06:59:50',NULL),(507,748,5,37,83,'5',177,'2024-07-06 06:59:50',NULL,'2024-07-06 06:59:50',NULL),(508,748,13,37,83,'5',177,'2024-07-06 06:59:50',NULL,'2024-07-06 06:59:50',NULL),(509,749,3,-100,83,'1',177,'2024-07-06 06:59:50',NULL,'2024-07-06 06:59:50',NULL),(510,749,5,-100,83,'1',177,'2024-07-06 06:59:50',NULL,'2024-07-06 06:59:50',NULL),(511,749,13,-100,83,'1',177,'2024-07-06 06:59:50',NULL,'2024-07-06 06:59:50',NULL),(512,749,1,300,83,'2',177,'2024-07-06 06:59:50',NULL,'2024-07-06 06:59:50',NULL),(513,750,1,-300,83,'2',177,'2024-07-06 06:59:50',NULL,'2024-07-06 06:59:50',NULL),(514,750,13,177,83,'3',177,'2024-07-06 06:59:50',NULL,'2024-07-06 06:59:50',NULL),(515,750,2,12,83,'4',177,'2024-07-06 06:59:50',NULL,'2024-07-06 06:59:50',NULL),(516,750,3,37,83,'5',177,'2024-07-06 06:59:50',NULL,'2024-07-06 06:59:50',NULL),(517,750,5,37,83,'5',177,'2024-07-06 06:59:50',NULL,'2024-07-06 06:59:50',NULL),(518,750,13,37,83,'5',177,'2024-07-06 06:59:50',NULL,'2024-07-06 06:59:50',NULL),(519,751,3,-100,83,'1',177,'2024-07-06 06:59:50',NULL,'2024-07-06 06:59:50',NULL),(520,751,5,-100,83,'1',177,'2024-07-06 06:59:50',NULL,'2024-07-06 06:59:50',NULL),(521,751,13,-100,83,'1',177,'2024-07-06 06:59:50',NULL,'2024-07-06 06:59:50',NULL),(522,751,1,300,83,'2',177,'2024-07-06 06:59:50',NULL,'2024-07-06 06:59:50',NULL),(523,752,1,-300,83,'2',177,'2024-07-06 06:59:50',NULL,'2024-07-06 06:59:50',NULL),(524,752,13,177,83,'3',177,'2024-07-06 06:59:50',NULL,'2024-07-06 06:59:50',NULL),(525,752,2,12,83,'4',177,'2024-07-06 06:59:50',NULL,'2024-07-06 06:59:50',NULL),(526,752,3,37,83,'5',177,'2024-07-06 06:59:50',NULL,'2024-07-06 06:59:50',NULL),(527,752,5,37,83,'5',177,'2024-07-06 06:59:50',NULL,'2024-07-06 06:59:50',NULL),(528,752,13,37,83,'5',177,'2024-07-06 06:59:50',NULL,'2024-07-06 06:59:50',NULL),(529,753,3,-100,83,'1',177,'2024-07-06 06:59:51',NULL,'2024-07-06 06:59:51',NULL),(530,753,5,-100,83,'1',177,'2024-07-06 06:59:51',NULL,'2024-07-06 06:59:51',NULL),(531,753,13,-100,83,'1',177,'2024-07-06 06:59:51',NULL,'2024-07-06 06:59:51',NULL),(532,753,1,300,83,'2',177,'2024-07-06 06:59:51',NULL,'2024-07-06 06:59:51',NULL),(533,754,1,-300,83,'2',177,'2024-07-06 06:59:51',NULL,'2024-07-06 06:59:51',NULL),(534,754,13,177,83,'3',177,'2024-07-06 06:59:51',NULL,'2024-07-06 06:59:51',NULL),(535,754,2,12,83,'4',177,'2024-07-06 06:59:51',NULL,'2024-07-06 06:59:51',NULL),(536,754,3,37,83,'5',177,'2024-07-06 06:59:51',NULL,'2024-07-06 06:59:51',NULL),(537,754,5,37,83,'5',177,'2024-07-06 06:59:51',NULL,'2024-07-06 06:59:51',NULL),(538,754,13,37,83,'5',177,'2024-07-06 06:59:51',NULL,'2024-07-06 06:59:51',NULL),(539,755,3,-100,83,'1',177,'2024-07-06 06:59:51',NULL,'2024-07-06 06:59:51',NULL),(540,755,5,-100,83,'1',177,'2024-07-06 06:59:51',NULL,'2024-07-06 06:59:51',NULL),(541,755,13,-100,83,'1',177,'2024-07-06 06:59:51',NULL,'2024-07-06 06:59:51',NULL),(542,755,1,300,83,'2',177,'2024-07-06 06:59:51',NULL,'2024-07-06 06:59:51',NULL),(543,756,1,-300,83,'2',177,'2024-07-06 06:59:51',NULL,'2024-07-06 06:59:51',NULL),(544,756,13,177,83,'3',177,'2024-07-06 06:59:51',NULL,'2024-07-06 06:59:51',NULL),(545,756,2,12,83,'4',177,'2024-07-06 06:59:51',NULL,'2024-07-06 06:59:51',NULL),(546,756,3,37,83,'5',177,'2024-07-06 06:59:51',NULL,'2024-07-06 06:59:51',NULL),(547,756,5,37,83,'5',177,'2024-07-06 06:59:51',NULL,'2024-07-06 06:59:51',NULL),(548,756,13,37,83,'5',177,'2024-07-06 06:59:51',NULL,'2024-07-06 06:59:51',NULL),(549,757,3,-100,83,'1',177,'2024-07-06 06:59:51',NULL,'2024-07-06 06:59:51',NULL),(550,757,5,-100,83,'1',177,'2024-07-06 06:59:51',NULL,'2024-07-06 06:59:51',NULL),(551,757,13,-100,83,'1',177,'2024-07-06 06:59:51',NULL,'2024-07-06 06:59:51',NULL),(552,757,1,300,83,'2',177,'2024-07-06 06:59:51',NULL,'2024-07-06 06:59:51',NULL),(553,758,1,-300,83,'2',177,'2024-07-06 06:59:51',NULL,'2024-07-06 06:59:51',NULL),(554,758,13,177,83,'3',177,'2024-07-06 06:59:51',NULL,'2024-07-06 06:59:51',NULL),(555,758,2,12,83,'4',177,'2024-07-06 06:59:51',NULL,'2024-07-06 06:59:51',NULL),(556,758,3,37,83,'5',177,'2024-07-06 06:59:51',NULL,'2024-07-06 06:59:51',NULL),(557,758,5,37,83,'5',177,'2024-07-06 06:59:51',NULL,'2024-07-06 06:59:51',NULL),(558,758,13,37,83,'5',177,'2024-07-06 06:59:51',NULL,'2024-07-06 06:59:51',NULL),(559,759,3,-100,83,'1',177,'2024-07-06 06:59:51',NULL,'2024-07-06 06:59:51',NULL),(560,759,5,-100,83,'1',177,'2024-07-06 06:59:51',NULL,'2024-07-06 06:59:51',NULL),(561,759,13,-100,83,'1',177,'2024-07-06 06:59:51',NULL,'2024-07-06 06:59:51',NULL),(562,759,1,300,83,'2',177,'2024-07-06 06:59:51',NULL,'2024-07-06 06:59:51',NULL),(563,760,1,-300,83,'2',177,'2024-07-06 06:59:51',NULL,'2024-07-06 06:59:51',NULL),(564,760,13,177,83,'3',177,'2024-07-06 06:59:51',NULL,'2024-07-06 06:59:51',NULL),(565,760,2,12,83,'4',177,'2024-07-06 06:59:51',NULL,'2024-07-06 06:59:51',NULL),(566,760,3,37,83,'5',177,'2024-07-06 06:59:51',NULL,'2024-07-06 06:59:51',NULL),(567,760,5,37,83,'5',177,'2024-07-06 06:59:51',NULL,'2024-07-06 06:59:51',NULL),(568,760,13,37,83,'5',177,'2024-07-06 06:59:51',NULL,'2024-07-06 06:59:51',NULL),(569,761,3,-100,83,'1',177,'2024-07-06 06:59:52',NULL,'2024-07-06 06:59:52',NULL),(570,761,5,-100,83,'1',177,'2024-07-06 06:59:52',NULL,'2024-07-06 06:59:52',NULL),(571,761,13,-100,83,'1',177,'2024-07-06 06:59:52',NULL,'2024-07-06 06:59:52',NULL),(572,761,1,300,83,'2',177,'2024-07-06 06:59:52',NULL,'2024-07-06 06:59:52',NULL),(573,762,1,-300,83,'2',177,'2024-07-06 06:59:52',NULL,'2024-07-06 06:59:52',NULL),(574,762,13,177,83,'3',177,'2024-07-06 06:59:52',NULL,'2024-07-06 06:59:52',NULL),(575,762,2,12,83,'4',177,'2024-07-06 06:59:52',NULL,'2024-07-06 06:59:52',NULL),(576,762,3,37,83,'5',177,'2024-07-06 06:59:52',NULL,'2024-07-06 06:59:52',NULL),(577,762,5,37,83,'5',177,'2024-07-06 06:59:52',NULL,'2024-07-06 06:59:52',NULL),(578,762,13,37,83,'5',177,'2024-07-06 06:59:52',NULL,'2024-07-06 06:59:52',NULL),(579,763,3,-100,83,'1',177,'2024-07-06 06:59:52',NULL,'2024-07-06 06:59:52',NULL),(580,763,5,-100,83,'1',177,'2024-07-06 06:59:52',NULL,'2024-07-06 06:59:52',NULL),(581,763,13,-100,83,'1',177,'2024-07-06 06:59:52',NULL,'2024-07-06 06:59:52',NULL),(582,763,1,300,83,'2',177,'2024-07-06 06:59:52',NULL,'2024-07-06 06:59:52',NULL),(583,764,1,-300,83,'2',177,'2024-07-06 06:59:52',NULL,'2024-07-06 06:59:52',NULL),(584,764,13,177,83,'3',177,'2024-07-06 06:59:52',NULL,'2024-07-06 06:59:52',NULL),(585,764,2,12,83,'4',177,'2024-07-06 06:59:52',NULL,'2024-07-06 06:59:52',NULL),(586,764,3,37,83,'5',177,'2024-07-06 06:59:52',NULL,'2024-07-06 06:59:52',NULL),(587,764,5,37,83,'5',177,'2024-07-06 06:59:52',NULL,'2024-07-06 06:59:52',NULL),(588,764,13,37,83,'5',177,'2024-07-06 06:59:52',NULL,'2024-07-06 06:59:52',NULL),(589,765,3,-100,83,'1',177,'2024-07-06 06:59:52',NULL,'2024-07-06 06:59:52',NULL),(590,765,5,-100,83,'1',177,'2024-07-06 06:59:52',NULL,'2024-07-06 06:59:52',NULL),(591,765,13,-100,83,'1',177,'2024-07-06 06:59:52',NULL,'2024-07-06 06:59:52',NULL),(592,765,1,300,83,'2',177,'2024-07-06 06:59:52',NULL,'2024-07-06 06:59:52',NULL),(593,766,1,-300,83,'2',177,'2024-07-06 06:59:52',NULL,'2024-07-06 06:59:52',NULL),(594,766,13,177,83,'3',177,'2024-07-06 06:59:52',NULL,'2024-07-06 06:59:52',NULL),(595,766,2,12,83,'4',177,'2024-07-06 06:59:52',NULL,'2024-07-06 06:59:52',NULL),(596,766,3,37,83,'5',177,'2024-07-06 06:59:52',NULL,'2024-07-06 06:59:52',NULL),(597,766,5,37,83,'5',177,'2024-07-06 06:59:52',NULL,'2024-07-06 06:59:52',NULL),(598,766,13,37,83,'5',177,'2024-07-06 06:59:52',NULL,'2024-07-06 06:59:52',NULL),(599,767,3,-100,83,'1',177,'2024-07-06 06:59:52',NULL,'2024-07-06 06:59:52',NULL),(600,767,5,-100,83,'1',177,'2024-07-06 06:59:52',NULL,'2024-07-06 06:59:52',NULL),(601,767,13,-100,83,'1',177,'2024-07-06 06:59:52',NULL,'2024-07-06 06:59:52',NULL),(602,767,1,300,83,'2',177,'2024-07-06 06:59:52',NULL,'2024-07-06 06:59:52',NULL),(603,768,1,-300,83,'2',177,'2024-07-06 06:59:52',NULL,'2024-07-06 06:59:52',NULL),(604,768,13,177,83,'3',177,'2024-07-06 06:59:52',NULL,'2024-07-06 06:59:52',NULL),(605,768,2,12,83,'4',177,'2024-07-06 06:59:52',NULL,'2024-07-06 06:59:52',NULL),(606,768,3,37,83,'5',177,'2024-07-06 06:59:52',NULL,'2024-07-06 06:59:52',NULL),(607,768,5,37,83,'5',177,'2024-07-06 06:59:52',NULL,'2024-07-06 06:59:52',NULL),(608,768,13,37,83,'5',177,'2024-07-06 06:59:52',NULL,'2024-07-06 06:59:52',NULL),(609,769,3,-100,83,'1',177,'2024-07-06 06:59:56',NULL,'2024-07-06 06:59:56',NULL),(610,769,5,-100,83,'1',177,'2024-07-06 06:59:56',NULL,'2024-07-06 06:59:56',NULL),(611,769,13,-100,83,'1',177,'2024-07-06 06:59:56',NULL,'2024-07-06 06:59:56',NULL),(612,769,1,300,83,'2',177,'2024-07-06 06:59:56',NULL,'2024-07-06 06:59:56',NULL),(613,770,1,-300,83,'2',177,'2024-07-06 06:59:56',NULL,'2024-07-06 06:59:56',NULL),(614,770,13,177,83,'3',177,'2024-07-06 06:59:56',NULL,'2024-07-06 06:59:56',NULL),(615,770,2,12,83,'4',177,'2024-07-06 06:59:56',NULL,'2024-07-06 06:59:56',NULL),(616,770,3,37,83,'5',177,'2024-07-06 06:59:56',NULL,'2024-07-06 06:59:56',NULL),(617,770,5,37,83,'5',177,'2024-07-06 06:59:56',NULL,'2024-07-06 06:59:56',NULL),(618,770,13,37,83,'5',177,'2024-07-06 06:59:56',NULL,'2024-07-06 06:59:56',NULL),(619,771,3,-100,83,'1',177,'2024-07-06 06:59:56',NULL,'2024-07-06 06:59:56',NULL),(620,771,5,-100,83,'1',177,'2024-07-06 06:59:56',NULL,'2024-07-06 06:59:56',NULL),(621,771,13,-100,83,'1',177,'2024-07-06 06:59:56',NULL,'2024-07-06 06:59:56',NULL),(622,771,1,300,83,'2',177,'2024-07-06 06:59:56',NULL,'2024-07-06 06:59:56',NULL),(623,772,1,-300,83,'2',177,'2024-07-06 06:59:56',NULL,'2024-07-06 06:59:56',NULL),(624,772,13,177,83,'3',177,'2024-07-06 06:59:56',NULL,'2024-07-06 06:59:56',NULL),(625,772,2,12,83,'4',177,'2024-07-06 06:59:56',NULL,'2024-07-06 06:59:56',NULL),(626,772,3,37,83,'5',177,'2024-07-06 06:59:56',NULL,'2024-07-06 06:59:56',NULL),(627,772,5,37,83,'5',177,'2024-07-06 06:59:56',NULL,'2024-07-06 06:59:56',NULL),(628,772,13,37,83,'5',177,'2024-07-06 06:59:56',NULL,'2024-07-06 06:59:56',NULL),(629,773,3,-100,83,'1',177,'2024-07-06 06:59:56',NULL,'2024-07-06 06:59:56',NULL),(630,773,5,-100,83,'1',177,'2024-07-06 06:59:56',NULL,'2024-07-06 06:59:56',NULL),(631,773,13,-100,83,'1',177,'2024-07-06 06:59:56',NULL,'2024-07-06 06:59:56',NULL),(632,773,1,300,83,'2',177,'2024-07-06 06:59:57',NULL,'2024-07-06 06:59:57',NULL),(633,774,1,-300,83,'2',177,'2024-07-06 06:59:57',NULL,'2024-07-06 06:59:57',NULL),(634,774,13,177,83,'3',177,'2024-07-06 06:59:57',NULL,'2024-07-06 06:59:57',NULL),(635,774,2,12,83,'4',177,'2024-07-06 06:59:57',NULL,'2024-07-06 06:59:57',NULL),(636,774,3,37,83,'5',177,'2024-07-06 06:59:57',NULL,'2024-07-06 06:59:57',NULL),(637,774,5,37,83,'5',177,'2024-07-06 06:59:57',NULL,'2024-07-06 06:59:57',NULL),(638,774,13,37,83,'5',177,'2024-07-06 06:59:57',NULL,'2024-07-06 06:59:57',NULL),(639,775,3,-100,83,'1',177,'2024-07-06 06:59:57',NULL,'2024-07-06 06:59:57',NULL),(640,775,5,-100,83,'1',177,'2024-07-06 06:59:57',NULL,'2024-07-06 06:59:57',NULL),(641,775,13,-100,83,'1',177,'2024-07-06 06:59:57',NULL,'2024-07-06 06:59:57',NULL),(642,775,1,300,83,'2',177,'2024-07-06 06:59:57',NULL,'2024-07-06 06:59:57',NULL),(643,776,1,-300,83,'2',177,'2024-07-06 06:59:57',NULL,'2024-07-06 06:59:57',NULL),(644,776,13,177,83,'3',177,'2024-07-06 06:59:57',NULL,'2024-07-06 06:59:57',NULL),(645,776,2,12,83,'4',177,'2024-07-06 06:59:57',NULL,'2024-07-06 06:59:57',NULL),(646,776,3,37,83,'5',177,'2024-07-06 06:59:57',NULL,'2024-07-06 06:59:57',NULL),(647,776,5,37,83,'5',177,'2024-07-06 06:59:57',NULL,'2024-07-06 06:59:57',NULL),(648,776,13,37,83,'5',177,'2024-07-06 06:59:57',NULL,'2024-07-06 06:59:57',NULL),(649,777,3,-100,83,'1',177,'2024-07-06 06:59:57',NULL,'2024-07-06 06:59:57',NULL),(650,777,5,-100,83,'1',177,'2024-07-06 06:59:57',NULL,'2024-07-06 06:59:57',NULL),(651,777,13,-100,83,'1',177,'2024-07-06 06:59:57',NULL,'2024-07-06 06:59:57',NULL),(652,777,1,300,83,'2',177,'2024-07-06 06:59:57',NULL,'2024-07-06 06:59:57',NULL),(653,778,1,-300,83,'2',177,'2024-07-06 06:59:57',NULL,'2024-07-06 06:59:57',NULL),(654,778,13,177,83,'3',177,'2024-07-06 06:59:57',NULL,'2024-07-06 06:59:57',NULL),(655,778,2,12,83,'4',177,'2024-07-06 06:59:57',NULL,'2024-07-06 06:59:57',NULL),(656,778,3,37,83,'5',177,'2024-07-06 06:59:57',NULL,'2024-07-06 06:59:57',NULL),(657,778,5,37,83,'5',177,'2024-07-06 06:59:57',NULL,'2024-07-06 06:59:57',NULL),(658,778,13,37,83,'5',177,'2024-07-06 06:59:57',NULL,'2024-07-06 06:59:57',NULL),(659,779,3,-100,83,'1',177,'2024-07-06 06:59:57',NULL,'2024-07-06 06:59:57',NULL),(660,779,5,-100,83,'1',177,'2024-07-06 06:59:57',NULL,'2024-07-06 06:59:57',NULL),(661,779,13,-100,83,'1',177,'2024-07-06 06:59:57',NULL,'2024-07-06 06:59:57',NULL),(662,779,1,300,83,'2',177,'2024-07-06 06:59:57',NULL,'2024-07-06 06:59:57',NULL),(663,780,1,-300,83,'2',177,'2024-07-06 06:59:57',NULL,'2024-07-06 06:59:57',NULL),(664,780,13,177,83,'3',177,'2024-07-06 06:59:57',NULL,'2024-07-06 06:59:57',NULL),(665,780,2,12,83,'4',177,'2024-07-06 06:59:57',NULL,'2024-07-06 06:59:57',NULL),(666,780,3,37,83,'5',177,'2024-07-06 06:59:57',NULL,'2024-07-06 06:59:57',NULL),(667,780,5,37,83,'5',177,'2024-07-06 06:59:57',NULL,'2024-07-06 06:59:57',NULL),(668,780,13,37,83,'5',177,'2024-07-06 06:59:57',NULL,'2024-07-06 06:59:57',NULL),(669,781,3,-100,83,'1',177,'2024-07-06 06:59:57',NULL,'2024-07-06 06:59:57',NULL),(670,781,5,-100,83,'1',177,'2024-07-06 06:59:57',NULL,'2024-07-06 06:59:57',NULL),(671,781,13,-100,83,'1',177,'2024-07-06 06:59:57',NULL,'2024-07-06 06:59:57',NULL),(672,781,1,300,83,'2',177,'2024-07-06 06:59:57',NULL,'2024-07-06 06:59:57',NULL),(673,782,1,-300,83,'2',177,'2024-07-06 06:59:57',NULL,'2024-07-06 06:59:57',NULL),(674,782,13,177,83,'3',177,'2024-07-06 06:59:57',NULL,'2024-07-06 06:59:57',NULL),(675,782,2,12,83,'4',177,'2024-07-06 06:59:57',NULL,'2024-07-06 06:59:57',NULL),(676,782,3,37,83,'5',177,'2024-07-06 06:59:57',NULL,'2024-07-06 06:59:57',NULL),(677,782,13,37,83,'5',177,'2024-07-06 06:59:57',NULL,'2024-07-06 06:59:57',NULL),(678,782,5,37,83,'5',177,'2024-07-06 06:59:57',NULL,'2024-07-06 06:59:57',NULL),(679,783,3,-100,83,'1',177,'2024-07-06 06:59:57',NULL,'2024-07-06 06:59:57',NULL),(680,783,13,-100,83,'1',177,'2024-07-06 06:59:57',NULL,'2024-07-06 06:59:57',NULL),(681,783,5,-100,83,'1',177,'2024-07-06 06:59:57',NULL,'2024-07-06 06:59:57',NULL),(682,783,1,300,83,'2',177,'2024-07-06 06:59:57',NULL,'2024-07-06 06:59:57',NULL),(683,784,1,-300,83,'2',177,'2024-07-06 06:59:57',NULL,'2024-07-06 06:59:57',NULL),(684,784,13,177,83,'3',177,'2024-07-06 06:59:57',NULL,'2024-07-06 06:59:57',NULL),(685,784,2,12,83,'4',177,'2024-07-06 06:59:57',NULL,'2024-07-06 06:59:57',NULL),(686,784,3,37,83,'5',177,'2024-07-06 06:59:57',NULL,'2024-07-06 06:59:57',NULL),(687,784,5,37,83,'5',177,'2024-07-06 06:59:57',NULL,'2024-07-06 06:59:57',NULL),(688,784,13,37,83,'5',177,'2024-07-06 06:59:57',NULL,'2024-07-06 06:59:57',NULL),(689,785,3,-100,83,'1',177,'2024-07-06 06:59:58',NULL,'2024-07-06 06:59:58',NULL),(690,785,5,-100,83,'1',177,'2024-07-06 06:59:58',NULL,'2024-07-06 06:59:58',NULL),(691,785,13,-100,83,'1',177,'2024-07-06 06:59:58',NULL,'2024-07-06 06:59:58',NULL),(692,785,1,300,83,'2',177,'2024-07-06 06:59:58',NULL,'2024-07-06 06:59:58',NULL),(693,786,1,-300,83,'2',177,'2024-07-06 06:59:58',NULL,'2024-07-06 06:59:58',NULL),(694,786,13,177,83,'3',177,'2024-07-06 06:59:58',NULL,'2024-07-06 06:59:58',NULL),(695,786,2,12,83,'4',177,'2024-07-06 06:59:58',NULL,'2024-07-06 06:59:58',NULL),(696,786,3,37,83,'5',177,'2024-07-06 06:59:58',NULL,'2024-07-06 06:59:58',NULL),(697,786,5,37,83,'5',177,'2024-07-06 06:59:58',NULL,'2024-07-06 06:59:58',NULL),(698,786,13,37,83,'5',177,'2024-07-06 06:59:58',NULL,'2024-07-06 06:59:58',NULL),(699,787,3,-100,83,'1',177,'2024-07-06 06:59:59',NULL,'2024-07-06 06:59:59',NULL),(700,787,5,-100,83,'1',177,'2024-07-06 06:59:59',NULL,'2024-07-06 06:59:59',NULL),(701,787,13,-100,83,'1',177,'2024-07-06 06:59:59',NULL,'2024-07-06 06:59:59',NULL),(702,787,1,300,83,'2',177,'2024-07-06 06:59:59',NULL,'2024-07-06 06:59:59',NULL),(703,788,1,-300,83,'2',177,'2024-07-06 06:59:59',NULL,'2024-07-06 06:59:59',NULL),(704,788,13,177,83,'3',177,'2024-07-06 06:59:59',NULL,'2024-07-06 06:59:59',NULL),(705,788,2,12,83,'4',177,'2024-07-06 06:59:59',NULL,'2024-07-06 06:59:59',NULL),(706,788,3,37,83,'5',177,'2024-07-06 06:59:59',NULL,'2024-07-06 06:59:59',NULL),(707,788,5,37,83,'5',177,'2024-07-06 06:59:59',NULL,'2024-07-06 06:59:59',NULL),(708,788,13,37,83,'5',177,'2024-07-06 06:59:59',NULL,'2024-07-06 06:59:59',NULL),(709,789,3,-100,83,'1',177,'2024-07-06 06:59:59',NULL,'2024-07-06 06:59:59',NULL),(710,789,5,-100,83,'1',177,'2024-07-06 06:59:59',NULL,'2024-07-06 06:59:59',NULL),(711,789,13,-100,83,'1',177,'2024-07-06 06:59:59',NULL,'2024-07-06 06:59:59',NULL),(712,789,1,300,83,'2',177,'2024-07-06 06:59:59',NULL,'2024-07-06 06:59:59',NULL),(713,790,1,-300,83,'2',177,'2024-07-06 06:59:59',NULL,'2024-07-06 06:59:59',NULL),(714,790,13,177,83,'3',177,'2024-07-06 06:59:59',NULL,'2024-07-06 06:59:59',NULL),(715,790,2,12,83,'4',177,'2024-07-06 06:59:59',NULL,'2024-07-06 06:59:59',NULL),(716,790,3,37,83,'5',177,'2024-07-06 06:59:59',NULL,'2024-07-06 06:59:59',NULL),(717,790,5,37,83,'5',177,'2024-07-06 06:59:59',NULL,'2024-07-06 06:59:59',NULL),(718,790,13,37,83,'5',177,'2024-07-06 06:59:59',NULL,'2024-07-06 06:59:59',NULL),(719,791,3,-100,83,'1',177,'2024-07-06 07:01:51',NULL,'2024-07-06 07:01:51',NULL),(720,791,13,-100,83,'1',177,'2024-07-06 07:01:51',NULL,'2024-07-06 07:01:51',NULL),(721,791,5,-100,83,'1',177,'2024-07-06 07:01:51',NULL,'2024-07-06 07:01:51',NULL),(722,791,1,300,83,'2',177,'2024-07-06 07:01:51',NULL,'2024-07-06 07:01:51',NULL),(723,792,1,-300,83,'2',177,'2024-07-06 07:01:51',NULL,'2024-07-06 07:01:51',NULL),(724,792,13,177,83,'3',177,'2024-07-06 07:01:51',NULL,'2024-07-06 07:01:51',NULL),(725,792,2,12,83,'4',177,'2024-07-06 07:01:51',NULL,'2024-07-06 07:01:51',NULL),(726,792,3,37,83,'5',177,'2024-07-06 07:01:51',NULL,'2024-07-06 07:01:51',NULL),(727,792,5,37,83,'5',177,'2024-07-06 07:01:51',NULL,'2024-07-06 07:01:51',NULL),(728,792,13,37,83,'5',177,'2024-07-06 07:01:51',NULL,'2024-07-06 07:01:51',NULL),(729,793,3,-100,83,'1',177,'2024-07-06 07:01:52',NULL,'2024-07-06 07:01:52',NULL),(730,793,5,-100,83,'1',177,'2024-07-06 07:01:52',NULL,'2024-07-06 07:01:52',NULL),(731,793,13,-100,83,'1',177,'2024-07-06 07:01:52',NULL,'2024-07-06 07:01:52',NULL),(732,793,1,300,83,'2',177,'2024-07-06 07:01:52',NULL,'2024-07-06 07:01:52',NULL),(733,794,1,-300,83,'2',177,'2024-07-06 07:01:52',NULL,'2024-07-06 07:01:52',NULL),(734,794,13,177,83,'3',177,'2024-07-06 07:01:52',NULL,'2024-07-06 07:01:52',NULL),(735,794,2,12,83,'4',177,'2024-07-06 07:01:52',NULL,'2024-07-06 07:01:52',NULL),(736,794,3,37,83,'5',177,'2024-07-06 07:01:52',NULL,'2024-07-06 07:01:52',NULL),(737,794,5,37,83,'5',177,'2024-07-06 07:01:52',NULL,'2024-07-06 07:01:52',NULL),(738,794,13,37,83,'5',177,'2024-07-06 07:01:52',NULL,'2024-07-06 07:01:52',NULL),(739,795,3,-100,83,'1',177,'2024-07-06 07:02:14',NULL,'2024-07-06 07:02:14',NULL),(740,795,5,-100,83,'1',177,'2024-07-06 07:02:14',NULL,'2024-07-06 07:02:14',NULL),(741,795,13,-100,83,'1',177,'2024-07-06 07:02:14',NULL,'2024-07-06 07:02:14',NULL),(742,795,1,300,83,'2',177,'2024-07-06 07:02:14',NULL,'2024-07-06 07:02:14',NULL),(743,796,1,-300,83,'2',177,'2024-07-06 07:02:14',NULL,'2024-07-06 07:02:14',NULL),(744,796,13,177,83,'3',177,'2024-07-06 07:02:14',NULL,'2024-07-06 07:02:14',NULL),(745,796,2,12,83,'4',177,'2024-07-06 07:02:14',NULL,'2024-07-06 07:02:14',NULL),(746,796,3,37,83,'5',177,'2024-07-06 07:02:14',NULL,'2024-07-06 07:02:14',NULL),(747,796,5,37,83,'5',177,'2024-07-06 07:02:14',NULL,'2024-07-06 07:02:14',NULL),(748,796,13,37,83,'5',177,'2024-07-06 07:02:14',NULL,'2024-07-06 07:02:14',NULL),(749,797,3,-100,83,'1',177,'2024-07-06 07:03:09',NULL,'2024-07-06 07:03:09',NULL),(750,797,5,-100,83,'1',177,'2024-07-06 07:03:09',NULL,'2024-07-06 07:03:09',NULL),(751,797,13,-100,83,'1',177,'2024-07-06 07:03:09',NULL,'2024-07-06 07:03:09',NULL),(752,797,1,300,83,'2',177,'2024-07-06 07:03:09',NULL,'2024-07-06 07:03:09',NULL),(753,798,1,-300,83,'2',177,'2024-07-06 07:03:09',NULL,'2024-07-06 07:03:09',NULL),(754,798,13,177,83,'3',177,'2024-07-06 07:03:09',NULL,'2024-07-06 07:03:09',NULL),(755,798,2,12,83,'4',177,'2024-07-06 07:03:09',NULL,'2024-07-06 07:03:09',NULL),(756,798,5,37,83,'5',177,'2024-07-06 07:03:09',NULL,'2024-07-06 07:03:09',NULL),(757,798,13,37,83,'5',177,'2024-07-06 07:03:09',NULL,'2024-07-06 07:03:09',NULL),(758,798,3,37,83,'5',177,'2024-07-06 07:03:09',NULL,'2024-07-06 07:03:09',NULL),(759,799,3,-100,83,'1',177,'2024-07-06 07:05:19',NULL,'2024-07-06 07:05:19',NULL),(760,799,5,-100,83,'1',177,'2024-07-06 07:05:19',NULL,'2024-07-06 07:05:19',NULL),(761,799,13,-100,83,'1',177,'2024-07-06 07:05:19',NULL,'2024-07-06 07:05:19',NULL),(762,799,1,300,83,'2',177,'2024-07-06 07:05:19',NULL,'2024-07-06 07:05:19',NULL),(763,800,1,-300,83,'2',177,'2024-07-06 07:05:19',NULL,'2024-07-06 07:05:19',NULL),(764,800,13,177,83,'3',177,'2024-07-06 07:05:19',NULL,'2024-07-06 07:05:19',NULL),(765,800,2,12,83,'4',177,'2024-07-06 07:05:19',NULL,'2024-07-06 07:05:19',NULL),(766,800,3,37,83,'5',177,'2024-07-06 07:05:19',NULL,'2024-07-06 07:05:19',NULL),(767,800,5,37,83,'5',177,'2024-07-06 07:05:19',NULL,'2024-07-06 07:05:19',NULL),(768,800,13,37,83,'5',177,'2024-07-06 07:05:19',NULL,'2024-07-06 07:05:19',NULL),(769,801,3,-100,83,'1',177,'2024-07-06 07:05:19',NULL,'2024-07-06 07:05:19',NULL),(770,801,5,-100,83,'1',177,'2024-07-06 07:05:19',NULL,'2024-07-06 07:05:19',NULL),(771,801,13,-100,83,'1',177,'2024-07-06 07:05:19',NULL,'2024-07-06 07:05:19',NULL),(772,801,1,300,83,'2',177,'2024-07-06 07:05:19',NULL,'2024-07-06 07:05:19',NULL),(773,802,1,-300,83,'2',177,'2024-07-06 07:05:19',NULL,'2024-07-06 07:05:19',NULL),(774,802,13,177,83,'3',177,'2024-07-06 07:05:19',NULL,'2024-07-06 07:05:19',NULL),(775,802,2,12,83,'4',177,'2024-07-06 07:05:19',NULL,'2024-07-06 07:05:19',NULL),(776,802,3,37,83,'5',177,'2024-07-06 07:05:19',NULL,'2024-07-06 07:05:19',NULL),(777,802,5,37,83,'5',177,'2024-07-06 07:05:19',NULL,'2024-07-06 07:05:19',NULL),(778,802,13,37,83,'5',177,'2024-07-06 07:05:19',NULL,'2024-07-06 07:05:19',NULL),(779,803,3,-100,83,'1',177,'2024-07-06 07:06:06',NULL,'2024-07-06 07:06:06',NULL),(780,803,5,-100,83,'1',177,'2024-07-06 07:06:06',NULL,'2024-07-06 07:06:06',NULL),(781,803,13,-100,83,'1',177,'2024-07-06 07:06:06',NULL,'2024-07-06 07:06:06',NULL),(782,803,1,300,83,'2',177,'2024-07-06 07:06:06',NULL,'2024-07-06 07:06:06',NULL),(783,804,1,-300,83,'2',177,'2024-07-06 07:06:06',NULL,'2024-07-06 07:06:06',NULL),(784,804,13,177,83,'3',177,'2024-07-06 07:06:06',NULL,'2024-07-06 07:06:06',NULL),(785,804,2,12,83,'4',177,'2024-07-06 07:06:06',NULL,'2024-07-06 07:06:06',NULL),(786,804,3,37,83,'5',177,'2024-07-06 07:06:06',NULL,'2024-07-06 07:06:06',NULL),(787,804,5,37,83,'5',177,'2024-07-06 07:06:06',NULL,'2024-07-06 07:06:06',NULL),(788,804,13,37,83,'5',177,'2024-07-06 07:06:06',NULL,'2024-07-06 07:06:06',NULL),(789,805,3,-100,83,'1',177,'2024-07-06 07:06:07',NULL,'2024-07-06 07:06:07',NULL),(790,805,5,-100,83,'1',177,'2024-07-06 07:06:07',NULL,'2024-07-06 07:06:07',NULL),(791,805,13,-100,83,'1',177,'2024-07-06 07:06:07',NULL,'2024-07-06 07:06:07',NULL),(792,805,1,300,83,'2',177,'2024-07-06 07:06:07',NULL,'2024-07-06 07:06:07',NULL),(793,806,1,-300,83,'2',177,'2024-07-06 07:06:07',NULL,'2024-07-06 07:06:07',NULL),(794,806,13,177,83,'3',177,'2024-07-06 07:06:07',NULL,'2024-07-06 07:06:07',NULL),(795,806,2,12,83,'4',177,'2024-07-06 07:06:07',NULL,'2024-07-06 07:06:07',NULL),(796,806,3,37,83,'5',177,'2024-07-06 07:06:07',NULL,'2024-07-06 07:06:07',NULL),(797,806,5,37,83,'5',177,'2024-07-06 07:06:07',NULL,'2024-07-06 07:06:07',NULL),(798,806,13,37,83,'5',177,'2024-07-06 07:06:07',NULL,'2024-07-06 07:06:07',NULL),(799,807,3,-100,83,'1',177,'2024-07-06 07:06:07',NULL,'2024-07-06 07:06:07',NULL),(800,807,5,-100,83,'1',177,'2024-07-06 07:06:07',NULL,'2024-07-06 07:06:07',NULL),(801,807,13,-100,83,'1',177,'2024-07-06 07:06:07',NULL,'2024-07-06 07:06:07',NULL),(802,807,1,300,83,'2',177,'2024-07-06 07:06:07',NULL,'2024-07-06 07:06:07',NULL),(803,808,1,-300,83,'2',177,'2024-07-06 07:06:07',NULL,'2024-07-06 07:06:07',NULL),(804,808,13,177,83,'3',177,'2024-07-06 07:06:07',NULL,'2024-07-06 07:06:07',NULL),(805,808,2,12,83,'4',177,'2024-07-06 07:06:07',NULL,'2024-07-06 07:06:07',NULL),(806,808,3,37,83,'5',177,'2024-07-06 07:06:07',NULL,'2024-07-06 07:06:07',NULL),(807,808,13,37,83,'5',177,'2024-07-06 07:06:07',NULL,'2024-07-06 07:06:07',NULL),(808,808,5,37,83,'5',177,'2024-07-06 07:06:07',NULL,'2024-07-06 07:06:07',NULL),(809,809,3,-100,83,'1',177,'2024-07-06 07:06:41',NULL,'2024-07-06 07:06:41',NULL),(810,809,5,-100,83,'1',177,'2024-07-06 07:06:41',NULL,'2024-07-06 07:06:41',NULL),(811,809,13,-100,83,'1',177,'2024-07-06 07:06:41',NULL,'2024-07-06 07:06:41',NULL),(812,809,1,300,83,'2',177,'2024-07-06 07:06:41',NULL,'2024-07-06 07:06:41',NULL),(813,810,1,-300,83,'2',177,'2024-07-06 07:06:41',NULL,'2024-07-06 07:06:41',NULL),(814,810,13,177,83,'3',177,'2024-07-06 07:06:41',NULL,'2024-07-06 07:06:41',NULL),(815,810,2,12,83,'4',177,'2024-07-06 07:06:41',NULL,'2024-07-06 07:06:41',NULL),(816,810,3,37,83,'5',177,'2024-07-06 07:06:41',NULL,'2024-07-06 07:06:41',NULL),(817,810,5,37,83,'5',177,'2024-07-06 07:06:41',NULL,'2024-07-06 07:06:41',NULL),(818,810,13,37,83,'5',177,'2024-07-06 07:06:41',NULL,'2024-07-06 07:06:41',NULL),(819,811,3,-100,83,'1',177,'2024-07-06 07:06:42',NULL,'2024-07-06 07:06:42',NULL),(820,811,5,-100,83,'1',177,'2024-07-06 07:06:42',NULL,'2024-07-06 07:06:42',NULL),(821,811,13,-100,83,'1',177,'2024-07-06 07:06:42',NULL,'2024-07-06 07:06:42',NULL),(822,811,1,300,83,'2',177,'2024-07-06 07:06:42',NULL,'2024-07-06 07:06:42',NULL),(823,812,1,-300,83,'2',177,'2024-07-06 07:06:42',NULL,'2024-07-06 07:06:42',NULL),(824,812,13,177,83,'3',177,'2024-07-06 07:06:42',NULL,'2024-07-06 07:06:42',NULL),(825,812,2,12,83,'4',177,'2024-07-06 07:06:42',NULL,'2024-07-06 07:06:42',NULL),(826,812,3,37,83,'5',177,'2024-07-06 07:06:42',NULL,'2024-07-06 07:06:42',NULL),(827,812,5,37,83,'5',177,'2024-07-06 07:06:42',NULL,'2024-07-06 07:06:42',NULL),(828,812,13,37,83,'5',177,'2024-07-06 07:06:42',NULL,'2024-07-06 07:06:42',NULL),(829,813,3,-100,83,'1',178,'2024-07-06 07:07:15',NULL,'2024-07-06 07:07:15',NULL),(830,813,5,-100,83,'1',178,'2024-07-06 07:07:15',NULL,'2024-07-06 07:07:15',NULL),(831,813,13,-100,83,'1',178,'2024-07-06 07:07:15',NULL,'2024-07-06 07:07:15',NULL),(832,813,1,300,83,'2',178,'2024-07-06 07:07:15',NULL,'2024-07-06 07:07:15',NULL),(833,814,1,-300,83,'2',178,'2024-07-06 07:07:15',NULL,'2024-07-06 07:07:15',NULL),(834,814,5,288,83,'3',178,'2024-07-06 07:07:15',NULL,'2024-07-06 07:07:15',NULL),(835,814,2,1,83,'4',178,'2024-07-06 07:07:15',NULL,'2024-07-06 07:07:15',NULL),(836,814,5,4,83,'5',178,'2024-07-06 07:07:15',NULL,'2024-07-06 07:07:15',NULL),(837,814,3,4,83,'5',178,'2024-07-06 07:07:15',NULL,'2024-07-06 07:07:15',NULL),(838,814,13,4,83,'5',178,'2024-07-06 07:07:15',NULL,'2024-07-06 07:07:15',NULL),(839,815,3,-100,83,'1',178,'2024-07-06 07:07:19',NULL,'2024-07-06 07:07:19',NULL),(840,815,13,-100,83,'1',178,'2024-07-06 07:07:19',NULL,'2024-07-06 07:07:19',NULL),(841,815,5,-100,83,'1',178,'2024-07-06 07:07:19',NULL,'2024-07-06 07:07:19',NULL),(842,815,1,300,83,'2',178,'2024-07-06 07:07:19',NULL,'2024-07-06 07:07:19',NULL),(843,816,1,-300,83,'2',178,'2024-07-06 07:07:19',NULL,'2024-07-06 07:07:19',NULL),(844,816,5,288,83,'3',178,'2024-07-06 07:07:19',NULL,'2024-07-06 07:07:19',NULL),(845,816,2,1,83,'4',178,'2024-07-06 07:07:19',NULL,'2024-07-06 07:07:19',NULL),(846,816,3,4,83,'5',178,'2024-07-06 07:07:19',NULL,'2024-07-06 07:07:19',NULL),(847,816,13,4,83,'5',178,'2024-07-06 07:07:19',NULL,'2024-07-06 07:07:19',NULL),(848,816,5,4,83,'5',178,'2024-07-06 07:07:19',NULL,'2024-07-06 07:07:19',NULL),(849,817,5,-100,83,'1',178,'2024-07-06 07:11:47',NULL,'2024-07-06 07:11:47',NULL),(850,817,3,-100,83,'1',178,'2024-07-06 07:11:47',NULL,'2024-07-06 07:11:47',NULL),(851,817,13,-100,83,'1',178,'2024-07-06 07:11:47',NULL,'2024-07-06 07:11:47',NULL),(852,817,1,300,83,'2',178,'2024-07-06 07:11:47',NULL,'2024-07-06 07:11:47',NULL),(853,818,1,-300,83,'2',178,'2024-07-06 07:11:47',NULL,'2024-07-06 07:11:47',NULL),(854,818,5,288,83,'3',178,'2024-07-06 07:11:47',NULL,'2024-07-06 07:11:47',NULL),(855,818,2,1,83,'4',178,'2024-07-06 07:11:47',NULL,'2024-07-06 07:11:47',NULL),(856,818,3,4,83,'5',178,'2024-07-06 07:11:47',NULL,'2024-07-06 07:11:47',NULL),(857,818,5,4,83,'5',178,'2024-07-06 07:11:47',NULL,'2024-07-06 07:11:47',NULL),(858,818,13,4,83,'5',178,'2024-07-06 07:11:47',NULL,'2024-07-06 07:11:47',NULL),(859,819,3,-100,84,'1',179,'2024-07-06 07:13:40',NULL,'2024-07-06 07:13:40',NULL),(860,819,5,-100,84,'1',179,'2024-07-06 07:13:40',NULL,'2024-07-06 07:13:40',NULL),(861,819,13,-100,84,'1',179,'2024-07-06 07:13:40',NULL,'2024-07-06 07:13:40',NULL),(862,819,1,300,84,'2',179,'2024-07-06 07:13:40',NULL,'2024-07-06 07:13:40',NULL),(863,820,1,-300,84,'2',179,'2024-07-06 07:13:40',NULL,'2024-07-06 07:13:40',NULL),(864,820,3,200,84,'3',179,'2024-07-06 07:13:40',NULL,'2024-07-06 07:13:40',NULL),(865,820,2,12,84,'4',179,'2024-07-06 07:13:40',NULL,'2024-07-06 07:13:40',NULL),(866,820,3,29,84,'5',179,'2024-07-06 07:13:40',NULL,'2024-07-06 07:13:40',NULL),(867,820,5,29,84,'5',179,'2024-07-06 07:13:40',NULL,'2024-07-06 07:13:40',NULL),(868,820,13,29,84,'5',179,'2024-07-06 07:13:40',NULL,'2024-07-06 07:13:40',NULL),(869,821,3,-100,84,'1',179,'2024-07-06 07:13:41',NULL,'2024-07-06 07:13:41',NULL),(870,821,5,-100,84,'1',179,'2024-07-06 07:13:41',NULL,'2024-07-06 07:13:41',NULL),(871,821,13,-100,84,'1',179,'2024-07-06 07:13:41',NULL,'2024-07-06 07:13:41',NULL),(872,821,1,300,84,'2',179,'2024-07-06 07:13:41',NULL,'2024-07-06 07:13:41',NULL),(873,822,1,-300,84,'2',179,'2024-07-06 07:13:41',NULL,'2024-07-06 07:13:41',NULL),(874,822,3,200,84,'3',179,'2024-07-06 07:13:41',NULL,'2024-07-06 07:13:41',NULL),(875,822,2,12,84,'4',179,'2024-07-06 07:13:41',NULL,'2024-07-06 07:13:41',NULL),(876,822,3,29,84,'5',179,'2024-07-06 07:13:41',NULL,'2024-07-06 07:13:41',NULL),(877,822,5,29,84,'5',179,'2024-07-06 07:13:41',NULL,'2024-07-06 07:13:41',NULL),(878,822,13,29,84,'5',179,'2024-07-06 07:13:41',NULL,'2024-07-06 07:13:41',NULL),(879,823,3,-100,84,'1',180,'2024-07-06 07:16:57',NULL,'2024-07-06 07:16:57',NULL),(880,823,5,-100,84,'1',180,'2024-07-06 07:16:57',NULL,'2024-07-06 07:16:57',NULL),(881,823,13,-100,84,'1',180,'2024-07-06 07:16:57',NULL,'2024-07-06 07:16:57',NULL),(882,823,1,300,84,'2',180,'2024-07-06 07:16:57',NULL,'2024-07-06 07:16:57',NULL),(883,824,1,-300,84,'2',180,'2024-07-06 07:16:57',NULL,'2024-07-06 07:16:57',NULL),(884,824,13,288,84,'3',180,'2024-07-06 07:16:57',NULL,'2024-07-06 07:16:57',NULL),(885,824,2,1,84,'4',180,'2024-07-06 07:16:57',NULL,'2024-07-06 07:16:57',NULL),(886,824,3,4,84,'5',180,'2024-07-06 07:16:57',NULL,'2024-07-06 07:16:57',NULL),(887,824,5,4,84,'5',180,'2024-07-06 07:16:57',NULL,'2024-07-06 07:16:57',NULL),(888,824,13,4,84,'5',180,'2024-07-06 07:16:57',NULL,'2024-07-06 07:16:57',NULL),(889,825,3,-100,84,'1',180,'2024-07-06 07:16:58',NULL,'2024-07-06 07:16:58',NULL),(890,825,5,-100,84,'1',180,'2024-07-06 07:16:58',NULL,'2024-07-06 07:16:58',NULL),(891,825,13,-100,84,'1',180,'2024-07-06 07:16:58',NULL,'2024-07-06 07:16:58',NULL),(892,825,1,300,84,'2',180,'2024-07-06 07:16:58',NULL,'2024-07-06 07:16:58',NULL),(893,826,1,-300,84,'2',180,'2024-07-06 07:16:58',NULL,'2024-07-06 07:16:58',NULL),(894,826,13,288,84,'3',180,'2024-07-06 07:16:58',NULL,'2024-07-06 07:16:58',NULL),(895,826,2,1,84,'4',180,'2024-07-06 07:16:58',NULL,'2024-07-06 07:16:58',NULL),(896,826,3,4,84,'5',180,'2024-07-06 07:16:58',NULL,'2024-07-06 07:16:58',NULL),(897,826,5,4,84,'5',180,'2024-07-06 07:16:58',NULL,'2024-07-06 07:16:58',NULL),(898,826,13,4,84,'5',180,'2024-07-06 07:16:58',NULL,'2024-07-06 07:16:58',NULL),(899,827,3,-100,84,'1',181,'2024-07-06 07:20:47',NULL,'2024-07-06 07:20:47',NULL),(900,827,5,-100,84,'1',181,'2024-07-06 07:20:47',NULL,'2024-07-06 07:20:47',NULL),(901,827,13,-100,84,'1',181,'2024-07-06 07:20:47',NULL,'2024-07-06 07:20:47',NULL),(902,827,1,300,84,'2',181,'2024-07-06 07:20:47',NULL,'2024-07-06 07:20:47',NULL),(903,828,1,-300,84,'2',181,'2024-07-06 07:20:47',NULL,'2024-07-06 07:20:47',NULL),(904,828,5,299,84,'3',181,'2024-07-06 07:20:47',NULL,'2024-07-06 07:20:47',NULL),(905,828,2,0,84,'4',181,'2024-07-06 07:20:47',NULL,'2024-07-06 07:20:47',NULL),(906,828,3,0,84,'5',181,'2024-07-06 07:20:47',NULL,'2024-07-06 07:20:47',NULL),(907,828,13,0,84,'5',181,'2024-07-06 07:20:47',NULL,'2024-07-06 07:20:47',NULL),(908,828,5,0,84,'5',181,'2024-07-06 07:20:47',NULL,'2024-07-06 07:20:47',NULL),(909,829,3,-100,84,'1',181,'2024-07-06 07:20:48',NULL,'2024-07-06 07:20:48',NULL),(910,829,5,-100,84,'1',181,'2024-07-06 07:20:48',NULL,'2024-07-06 07:20:48',NULL),(911,829,13,-100,84,'1',181,'2024-07-06 07:20:48',NULL,'2024-07-06 07:20:48',NULL),(912,829,1,300,84,'2',181,'2024-07-06 07:20:48',NULL,'2024-07-06 07:20:48',NULL),(913,830,1,-300,84,'2',181,'2024-07-06 07:20:48',NULL,'2024-07-06 07:20:48',NULL),(914,830,5,299,84,'3',181,'2024-07-06 07:20:48',NULL,'2024-07-06 07:20:48',NULL),(915,830,2,0,84,'4',181,'2024-07-06 07:20:48',NULL,'2024-07-06 07:20:48',NULL),(916,830,5,0,84,'5',181,'2024-07-06 07:20:48',NULL,'2024-07-06 07:20:48',NULL),(917,830,3,0,84,'5',181,'2024-07-06 07:20:48',NULL,'2024-07-06 07:20:48',NULL),(918,830,13,0,84,'5',181,'2024-07-06 07:20:48',NULL,'2024-07-06 07:20:48',NULL),(919,831,3,-100,84,'1',181,'2024-07-06 07:21:30',NULL,'2024-07-06 07:21:30',NULL),(920,831,5,-100,84,'1',181,'2024-07-06 07:21:30',NULL,'2024-07-06 07:21:30',NULL),(921,831,13,-100,84,'1',181,'2024-07-06 07:21:30',NULL,'2024-07-06 07:21:30',NULL),(922,831,1,300,84,'2',181,'2024-07-06 07:21:30',NULL,'2024-07-06 07:21:30',NULL),(923,832,1,-300,84,'2',181,'2024-07-06 07:21:30',NULL,'2024-07-06 07:21:30',NULL),(924,832,5,299,84,'3',181,'2024-07-06 07:21:30',NULL,'2024-07-06 07:21:30',NULL),(925,832,2,0,84,'4',181,'2024-07-06 07:21:30',NULL,'2024-07-06 07:21:30',NULL),(926,832,3,0,84,'5',181,'2024-07-06 07:21:30',NULL,'2024-07-06 07:21:30',NULL),(927,832,5,0,84,'5',181,'2024-07-06 07:21:30',NULL,'2024-07-06 07:21:30',NULL),(928,832,13,0,84,'5',181,'2024-07-06 07:21:30',NULL,'2024-07-06 07:21:30',NULL),(929,833,3,-100,84,'1',181,'2024-07-06 07:21:31',NULL,'2024-07-06 07:21:31',NULL),(930,833,5,-100,84,'1',181,'2024-07-06 07:21:31',NULL,'2024-07-06 07:21:31',NULL),(931,833,13,-100,84,'1',181,'2024-07-06 07:21:31',NULL,'2024-07-06 07:21:31',NULL),(932,833,1,300,84,'2',181,'2024-07-06 07:21:31',NULL,'2024-07-06 07:21:31',NULL),(933,834,1,-300,84,'2',181,'2024-07-06 07:21:31',NULL,'2024-07-06 07:21:31',NULL),(934,834,5,299,84,'3',181,'2024-07-06 07:21:31',NULL,'2024-07-06 07:21:31',NULL),(935,834,2,0,84,'4',181,'2024-07-06 07:21:31',NULL,'2024-07-06 07:21:31',NULL),(936,834,3,0,84,'5',181,'2024-07-06 07:21:31',NULL,'2024-07-06 07:21:31',NULL),(937,834,13,0,84,'5',181,'2024-07-06 07:21:31',NULL,'2024-07-06 07:21:31',NULL),(938,834,5,0,84,'5',181,'2024-07-06 07:21:31',NULL,'2024-07-06 07:21:31',NULL),(939,835,3,-100,85,'1',182,'2024-07-06 07:22:32',NULL,'2024-07-06 07:22:32',NULL),(940,835,5,-100,85,'1',182,'2024-07-06 07:22:32',NULL,'2024-07-06 07:22:32',NULL),(941,835,13,-100,85,'1',182,'2024-07-06 07:22:32',NULL,'2024-07-06 07:22:32',NULL),(942,835,1,300,85,'2',182,'2024-07-06 07:22:32',NULL,'2024-07-06 07:22:32',NULL),(943,836,1,-300,85,'2',182,'2024-07-06 07:22:32',NULL,'2024-07-06 07:22:32',NULL),(944,836,3,200,85,'3',182,'2024-07-06 07:22:32',NULL,'2024-07-06 07:22:32',NULL),(945,836,2,10,85,'4',182,'2024-07-06 07:22:32',NULL,'2024-07-06 07:22:32',NULL),(946,836,3,30,85,'5',182,'2024-07-06 07:22:32',NULL,'2024-07-06 07:22:32',NULL),(947,836,5,30,85,'5',182,'2024-07-06 07:22:32',NULL,'2024-07-06 07:22:32',NULL),(948,836,13,30,85,'5',182,'2024-07-06 07:22:32',NULL,'2024-07-06 07:22:32',NULL),(949,837,3,-100,85,'1',182,'2024-07-06 07:22:33',NULL,'2024-07-06 07:22:33',NULL),(950,837,5,-100,85,'1',182,'2024-07-06 07:22:33',NULL,'2024-07-06 07:22:33',NULL),(951,837,13,-100,85,'1',182,'2024-07-06 07:22:33',NULL,'2024-07-06 07:22:33',NULL),(952,837,1,300,85,'2',182,'2024-07-06 07:22:33',NULL,'2024-07-06 07:22:33',NULL),(953,838,1,-300,85,'2',182,'2024-07-06 07:22:33',NULL,'2024-07-06 07:22:33',NULL),(954,838,3,200,85,'3',182,'2024-07-06 07:22:33',NULL,'2024-07-06 07:22:33',NULL),(955,838,2,10,85,'4',182,'2024-07-06 07:22:33',NULL,'2024-07-06 07:22:33',NULL),(956,838,3,30,85,'5',182,'2024-07-06 07:22:33',NULL,'2024-07-06 07:22:33',NULL),(957,838,5,30,85,'5',182,'2024-07-06 07:22:33',NULL,'2024-07-06 07:22:33',NULL),(958,838,13,30,85,'5',182,'2024-07-06 07:22:33',NULL,'2024-07-06 07:22:33',NULL),(959,839,3,-100,86,'1',185,'2024-07-06 08:21:06',NULL,'2024-07-06 08:21:06',NULL),(960,839,5,-100,86,'1',185,'2024-07-06 08:21:06',NULL,'2024-07-06 08:21:06',NULL),(961,839,13,-100,86,'1',185,'2024-07-06 08:21:06',NULL,'2024-07-06 08:21:06',NULL),(962,839,1,300,86,'2',185,'2024-07-06 08:21:06',NULL,'2024-07-06 08:21:06',NULL),(963,840,1,-300,86,'2',185,'2024-07-06 08:21:06',NULL,'2024-07-06 08:21:06',NULL),(964,840,3,200,86,'3',185,'2024-07-06 08:21:06',NULL,'2024-07-06 08:21:06',NULL),(965,840,2,10,86,'4',185,'2024-07-06 08:21:06',NULL,'2024-07-06 08:21:06',NULL),(966,840,3,30,86,'5',185,'2024-07-06 08:21:06',NULL,'2024-07-06 08:21:06',NULL),(967,840,13,30,86,'5',185,'2024-07-06 08:21:06',NULL,'2024-07-06 08:21:06',NULL),(968,840,5,30,86,'5',185,'2024-07-06 08:21:06',NULL,'2024-07-06 08:21:06',NULL),(969,841,3,-100,87,'1',188,'2024-07-06 08:28:49',NULL,'2024-07-06 08:28:49',NULL),(970,841,5,-100,87,'1',188,'2024-07-06 08:28:49',NULL,'2024-07-06 08:28:49',NULL),(971,841,1,200,87,'2',188,'2024-07-06 08:28:49',NULL,'2024-07-06 08:28:49',NULL),(972,842,1,-200,87,'2',188,'2024-07-06 08:28:49',NULL,'2024-07-06 08:28:49',NULL),(973,842,5,90,87,'3',188,'2024-07-06 08:28:49',NULL,'2024-07-06 08:28:49',NULL),(974,842,2,10,87,'4',188,'2024-07-06 08:28:49',NULL,'2024-07-06 08:28:49',NULL),(975,842,3,50,87,'5',188,'2024-07-06 08:28:49',NULL,'2024-07-06 08:28:49',NULL),(976,842,5,50,87,'5',188,'2024-07-06 08:28:49',NULL,'2024-07-06 08:28:49',NULL),(977,843,3,-100,87,'1',189,'2024-07-06 08:30:09',NULL,'2024-07-06 08:30:09',NULL),(978,843,5,-100,87,'1',189,'2024-07-06 08:30:09',NULL,'2024-07-06 08:30:09',NULL),(979,843,1,200,87,'2',189,'2024-07-06 08:30:09',NULL,'2024-07-06 08:30:09',NULL),(980,844,1,-200,87,'2',189,'2024-07-06 08:30:09',NULL,'2024-07-06 08:30:09',NULL),(981,844,3,70,87,'3',189,'2024-07-06 08:30:09',NULL,'2024-07-06 08:30:09',NULL),(982,844,2,10,87,'4',189,'2024-07-06 08:30:09',NULL,'2024-07-06 08:30:09',NULL),(983,844,3,60,87,'5',189,'2024-07-06 08:30:09',NULL,'2024-07-06 08:30:09',NULL),(984,844,5,60,87,'5',189,'2024-07-06 08:30:09',NULL,'2024-07-06 08:30:09',NULL),(985,845,3,-100,90,'1',198,'2024-07-08 05:08:07',NULL,'2024-07-08 05:08:07',NULL),(986,845,5,-100,90,'1',198,'2024-07-08 05:08:07',NULL,'2024-07-08 05:08:07',NULL),(987,845,13,-100,90,'1',198,'2024-07-08 05:08:07',NULL,'2024-07-08 05:08:07',NULL),(988,845,1,300,90,'2',198,'2024-07-08 05:08:07',NULL,'2024-07-08 05:08:07',NULL),(989,846,1,-300,90,'2',198,'2024-07-08 05:08:07',NULL,'2024-07-08 05:08:07',NULL),(990,846,5,90,90,'3',198,'2024-07-08 05:08:08',NULL,'2024-07-08 05:08:08',NULL),(991,846,2,10,90,'4',198,'2024-07-08 05:08:08',NULL,'2024-07-08 05:08:08',NULL),(992,846,3,67,90,'5',198,'2024-07-08 05:08:08',NULL,'2024-07-08 05:08:08',NULL),(993,846,13,67,90,'5',198,'2024-07-08 05:08:08',NULL,'2024-07-08 05:08:08',NULL),(994,846,5,67,90,'5',198,'2024-07-08 05:08:08',NULL,'2024-07-08 05:08:08',NULL),(995,847,5,-100000,95,'1',213,'2024-07-08 06:12:00',NULL,'2024-07-08 06:12:00',NULL),(996,847,13,-100000,95,'1',213,'2024-07-08 06:12:00',NULL,'2024-07-08 06:12:00',NULL),(997,847,30,-100000,95,'1',213,'2024-07-08 06:12:00',NULL,'2024-07-08 06:12:00',NULL),(998,847,1,300000,95,'2',213,'2024-07-08 06:12:00',NULL,'2024-07-08 06:12:00',NULL),(999,848,1,-300000,95,'2',213,'2024-07-08 06:12:00',NULL,'2024-07-08 06:12:00',NULL),(1000,848,30,295000,95,'3',213,'2024-07-08 06:12:00',NULL,'2024-07-08 06:12:00',NULL),(1001,848,2,1250,95,'4',213,'2024-07-08 06:12:00',NULL,'2024-07-08 06:12:00',NULL),(1002,848,5,1250,95,'5',213,'2024-07-08 06:12:00',NULL,'2024-07-08 06:12:00',NULL),(1003,848,30,1250,95,'5',213,'2024-07-08 06:12:00',NULL,'2024-07-08 06:12:00',NULL),(1004,848,13,1250,95,'5',213,'2024-07-08 06:12:00',NULL,'2024-07-08 06:12:00',NULL),(1005,849,30,-10000,96,'1',216,'2024-07-08 06:36:28',NULL,'2024-07-08 06:36:28',NULL),(1006,849,13,-10000,96,'1',216,'2024-07-08 06:36:28',NULL,'2024-07-08 06:36:28',NULL),(1007,849,5,-10000,96,'1',216,'2024-07-08 06:36:28',NULL,'2024-07-08 06:36:28',NULL),(1008,849,31,-10000,96,'1',216,'2024-07-08 06:36:28',NULL,'2024-07-08 06:36:28',NULL),(1009,849,32,-10000,96,'1',216,'2024-07-08 06:36:28',NULL,'2024-07-08 06:36:28',NULL),(1010,849,35,-10000,96,'1',216,'2024-07-08 06:36:28',NULL,'2024-07-08 06:36:28',NULL),(1011,849,34,-10000,96,'1',216,'2024-07-08 06:36:28',NULL,'2024-07-08 06:36:28',NULL),(1012,849,33,-10000,96,'1',216,'2024-07-08 06:36:28',NULL,'2024-07-08 06:36:28',NULL),(1013,849,36,-10000,96,'1',216,'2024-07-08 06:36:28',NULL,'2024-07-08 06:36:28',NULL),(1014,849,3,-10000,96,'1',216,'2024-07-08 06:36:28',NULL,'2024-07-08 06:36:28',NULL),(1015,849,1,100000,96,'2',216,'2024-07-08 06:36:28',NULL,'2024-07-08 06:36:28',NULL),(1016,850,1,-100000,96,'2',216,'2024-07-08 06:36:28',NULL,'2024-07-08 06:36:28',NULL),(1017,850,13,50000,96,'3',216,'2024-07-08 06:36:28',NULL,'2024-07-08 06:36:28',NULL),(1018,850,2,5000,96,'4',216,'2024-07-08 06:36:28',NULL,'2024-07-08 06:36:28',NULL),(1019,850,30,4500,96,'5',216,'2024-07-08 06:36:29',NULL,'2024-07-08 06:36:29',NULL),(1020,850,13,4500,96,'5',216,'2024-07-08 06:36:29',NULL,'2024-07-08 06:36:29',NULL),(1021,850,5,4500,96,'5',216,'2024-07-08 06:36:29',NULL,'2024-07-08 06:36:29',NULL),(1022,850,32,4500,96,'5',216,'2024-07-08 06:36:29',NULL,'2024-07-08 06:36:29',NULL),(1023,850,31,4500,96,'5',216,'2024-07-08 06:36:29',NULL,'2024-07-08 06:36:29',NULL),(1024,850,34,4500,96,'5',216,'2024-07-08 06:36:29',NULL,'2024-07-08 06:36:29',NULL),(1025,850,3,4500,96,'5',216,'2024-07-08 06:36:29',NULL,'2024-07-08 06:36:29',NULL),(1026,850,35,4500,96,'5',216,'2024-07-08 06:36:29',NULL,'2024-07-08 06:36:29',NULL),(1027,850,33,4500,96,'5',216,'2024-07-08 06:36:29',NULL,'2024-07-08 06:36:29',NULL),(1028,850,36,4500,96,'5',216,'2024-07-08 06:36:29',NULL,'2024-07-08 06:36:29',NULL),(1029,851,30,-10000,96,'1',217,'2024-07-08 06:43:20',NULL,'2024-07-08 06:43:20',NULL),(1030,851,13,-10000,96,'1',217,'2024-07-08 06:43:20',NULL,'2024-07-08 06:43:20',NULL),(1031,851,5,-10000,96,'1',217,'2024-07-08 06:43:20',NULL,'2024-07-08 06:43:20',NULL),(1032,851,31,-10000,96,'1',217,'2024-07-08 06:43:20',NULL,'2024-07-08 06:43:20',NULL),(1033,851,32,-10000,96,'1',217,'2024-07-08 06:43:20',NULL,'2024-07-08 06:43:20',NULL),(1034,851,33,-10000,96,'1',217,'2024-07-08 06:43:20',NULL,'2024-07-08 06:43:20',NULL),(1035,851,34,-10000,96,'1',217,'2024-07-08 06:43:20',NULL,'2024-07-08 06:43:20',NULL),(1036,851,35,-10000,96,'1',217,'2024-07-08 06:43:20',NULL,'2024-07-08 06:43:20',NULL),(1037,851,36,-10000,96,'1',217,'2024-07-08 06:43:20',NULL,'2024-07-08 06:43:20',NULL),(1038,851,3,-10000,96,'1',217,'2024-07-08 06:43:20',NULL,'2024-07-08 06:43:20',NULL),(1039,851,1,100000,96,'2',217,'2024-07-08 06:43:20',NULL,'2024-07-08 06:43:20',NULL),(1040,852,1,-100000,96,'2',217,'2024-07-08 06:43:20',NULL,'2024-07-08 06:43:20',NULL),(1041,852,5,50000,96,'3',217,'2024-07-08 06:43:20',NULL,'2024-07-08 06:43:20',NULL),(1042,852,2,5000,96,'4',217,'2024-07-08 06:43:20',NULL,'2024-07-08 06:43:20',NULL),(1043,852,30,4500,96,'5',217,'2024-07-08 06:43:20',NULL,'2024-07-08 06:43:20',NULL),(1044,852,13,4500,96,'5',217,'2024-07-08 06:43:20',NULL,'2024-07-08 06:43:20',NULL),(1045,852,5,4500,96,'5',217,'2024-07-08 06:43:20',NULL,'2024-07-08 06:43:20',NULL),(1046,852,31,4500,96,'5',217,'2024-07-08 06:43:20',NULL,'2024-07-08 06:43:20',NULL),(1047,852,32,4500,96,'5',217,'2024-07-08 06:43:20',NULL,'2024-07-08 06:43:20',NULL),(1048,852,3,4500,96,'5',217,'2024-07-08 06:43:20',NULL,'2024-07-08 06:43:20',NULL),(1049,852,33,4500,96,'5',217,'2024-07-08 06:43:20',NULL,'2024-07-08 06:43:20',NULL),(1050,852,35,4500,96,'5',217,'2024-07-08 06:43:20',NULL,'2024-07-08 06:43:20',NULL),(1051,852,34,4500,96,'5',217,'2024-07-08 06:43:20',NULL,'2024-07-08 06:43:20',NULL),(1052,852,36,4500,96,'5',217,'2024-07-08 06:43:20',NULL,'2024-07-08 06:43:20',NULL),(1053,853,30,-10000,96,'1',218,'2024-07-08 06:56:24',NULL,'2024-07-08 06:56:24',NULL),(1054,853,5,-10000,96,'1',218,'2024-07-08 06:56:24',NULL,'2024-07-08 06:56:24',NULL),(1055,853,31,-10000,96,'1',218,'2024-07-08 06:56:24',NULL,'2024-07-08 06:56:24',NULL),(1056,853,32,-10000,96,'1',218,'2024-07-08 06:56:24',NULL,'2024-07-08 06:56:24',NULL),(1057,853,33,-10000,96,'1',218,'2024-07-08 06:56:24',NULL,'2024-07-08 06:56:24',NULL),(1058,853,36,-10000,96,'1',218,'2024-07-08 06:56:24',NULL,'2024-07-08 06:56:24',NULL),(1059,853,3,-10000,96,'1',218,'2024-07-08 06:56:24',NULL,'2024-07-08 06:56:24',NULL),(1060,853,34,-10000,96,'1',218,'2024-07-08 06:56:24',NULL,'2024-07-08 06:56:24',NULL),(1061,853,35,-10000,96,'1',218,'2024-07-08 06:56:24',NULL,'2024-07-08 06:56:24',NULL),(1062,853,37,-10000,96,'1',218,'2024-07-08 06:56:24',NULL,'2024-07-08 06:56:24',NULL),(1063,853,1,100000,96,'2',218,'2024-07-08 06:56:24',NULL,'2024-07-08 06:56:24',NULL),(1064,854,1,-100000,96,'2',218,'2024-07-08 06:56:24',NULL,'2024-07-08 06:56:24',NULL),(1065,854,37,50000,96,'3',218,'2024-07-08 06:56:24',NULL,'2024-07-08 06:56:24',NULL),(1066,854,2,5000,96,'4',218,'2024-07-08 06:56:24',NULL,'2024-07-08 06:56:24',NULL),(1067,854,30,4500,96,'5',218,'2024-07-08 06:56:24',NULL,'2024-07-08 06:56:24',NULL),(1068,854,31,4500,96,'5',218,'2024-07-08 06:56:24',NULL,'2024-07-08 06:56:24',NULL),(1069,854,5,4500,96,'5',218,'2024-07-08 06:56:24',NULL,'2024-07-08 06:56:24',NULL),(1070,854,34,4500,96,'5',218,'2024-07-08 06:56:24',NULL,'2024-07-08 06:56:24',NULL),(1071,854,33,4500,96,'5',218,'2024-07-08 06:56:24',NULL,'2024-07-08 06:56:24',NULL),(1072,854,32,4500,96,'5',218,'2024-07-08 06:56:24',NULL,'2024-07-08 06:56:24',NULL),(1073,854,3,4500,96,'5',218,'2024-07-08 06:56:24',NULL,'2024-07-08 06:56:24',NULL),(1074,854,37,4500,96,'5',218,'2024-07-08 06:56:24',NULL,'2024-07-08 06:56:24',NULL),(1075,854,35,4500,96,'5',218,'2024-07-08 06:56:24',NULL,'2024-07-08 06:56:24',NULL),(1076,854,36,4500,96,'5',218,'2024-07-08 06:56:24',NULL,'2024-07-08 06:56:24',NULL),(1077,855,13,-10000,96,'7',216,'2024-07-08 06:58:49',NULL,'2024-07-08 06:58:49',NULL),(1078,855,1,10000,96,'7',216,'2024-07-08 06:58:49',NULL,'2024-07-08 06:58:49',NULL),(1079,856,13,-5000,96,'7',216,'2024-07-08 06:59:12',NULL,'2024-07-08 06:59:12',NULL),(1080,856,1,5000,96,'7',216,'2024-07-08 06:59:12',NULL,'2024-07-08 06:59:12',NULL),(1081,857,13,-5000,96,'7',216,'2024-07-08 06:59:47',NULL,'2024-07-08 06:59:47',NULL),(1082,857,1,5000,96,'7',216,'2024-07-08 06:59:47',NULL,'2024-07-08 06:59:47',NULL),(1083,858,5,10000,96,'6',217,'2024-07-08 07:02:50',NULL,'2024-07-08 07:02:50',NULL),(1084,858,1,-10000,96,'6',217,'2024-07-08 07:02:50',NULL,'2024-07-08 07:02:50',NULL),(1085,859,5,10000,96,'6',217,'2024-07-08 07:03:07',NULL,'2024-07-08 07:03:07',NULL),(1086,859,1,-10000,96,'6',217,'2024-07-08 07:03:07',NULL,'2024-07-08 07:03:07',NULL),(1087,860,5,-50000,95,'7',213,'2024-07-08 07:03:37',NULL,'2024-07-08 07:03:37',NULL),(1088,860,1,50000,95,'7',213,'2024-07-08 07:03:37',NULL,'2024-07-08 07:03:37',NULL);
/*!40000 ALTER TABLE `tbl_transaction` ENABLE KEYS */;
UNLOCK TABLES;

--
-- Table structure for table `tbl_users`
--

DROP TABLE IF EXISTS `tbl_users`;
/*!40101 SET @saved_cs_client     = @@character_set_client */;
/*!50503 SET character_set_client = utf8mb4 */;
CREATE TABLE `tbl_users` (
  `user_id` int NOT NULL AUTO_INCREMENT,
  `user_name` varchar(100) NOT NULL,
  `user_email` varchar(100) NOT NULL,
  `user_password` varchar(100) NOT NULL,
  PRIMARY KEY (`user_id`),
  UNIQUE KEY `user_email` (`user_email`),
  UNIQUE KEY `user_password` (`user_password`)
) ENGINE=InnoDB DEFAULT CHARSET=utf8mb4 COLLATE=utf8mb4_0900_ai_ci;
/*!40101 SET character_set_client = @saved_cs_client */;

--
-- Dumping data for table `tbl_users`
--

LOCK TABLES `tbl_users` WRITE;
/*!40000 ALTER TABLE `tbl_users` DISABLE KEYS */;
/*!40000 ALTER TABLE `tbl_users` ENABLE KEYS */;
UNLOCK TABLES;

--
-- Table structure for table `tbl_vaoucher`
--

DROP TABLE IF EXISTS `tbl_vaoucher`;
/*!40101 SET @saved_cs_client     = @@character_set_client */;
/*!50503 SET character_set_client = utf8mb4 */;
CREATE TABLE `tbl_vaoucher` (
  `v_id` int NOT NULL AUTO_INCREMENT,
  `v_date` varchar(200) NOT NULL,
  `v_amount` int NOT NULL,
  `created_at` timestamp NULL DEFAULT CURRENT_TIMESTAMP,
  `created_by` varchar(50) DEFAULT NULL,
  `updated_at` timestamp NULL DEFAULT CURRENT_TIMESTAMP ON UPDATE CURRENT_TIMESTAMP,
  `updated_by` varchar(50) DEFAULT NULL,
  PRIMARY KEY (`v_id`)
) ENGINE=InnoDB AUTO_INCREMENT=861 DEFAULT CHARSET=utf8mb4 COLLATE=utf8mb4_0900_ai_ci;
/*!40101 SET character_set_client = @saved_cs_client */;

--
-- Dumping data for table `tbl_vaoucher`
--

LOCK TABLES `tbl_vaoucher` WRITE;
/*!40000 ALTER TABLE `tbl_vaoucher` DISABLE KEYS */;
INSERT INTO `tbl_vaoucher` VALUES (727,'2024-07-06',300,'2024-07-06 06:40:45',NULL,'2024-07-06 06:40:45',NULL),(728,'2024-07-06',300,'2024-07-06 06:40:45',NULL,'2024-07-06 06:40:45',NULL),(729,'2024-07-06',300,'2024-07-06 06:40:50',NULL,'2024-07-06 06:40:50',NULL),(730,'2024-07-06',300,'2024-07-06 06:40:50',NULL,'2024-07-06 06:40:50',NULL),(731,'2024-07-06',300,'2024-07-06 06:59:42',NULL,'2024-07-06 06:59:42',NULL),(732,'2024-07-06',300,'2024-07-06 06:59:42',NULL,'2024-07-06 06:59:42',NULL),(733,'2024-07-06',300,'2024-07-06 06:59:47',NULL,'2024-07-06 06:59:47',NULL),(734,'2024-07-06',300,'2024-07-06 06:59:47',NULL,'2024-07-06 06:59:47',NULL),(735,'2024-07-06',300,'2024-07-06 06:59:48',NULL,'2024-07-06 06:59:48',NULL),(736,'2024-07-06',300,'2024-07-06 06:59:48',NULL,'2024-07-06 06:59:48',NULL),(737,'2024-07-06',300,'2024-07-06 06:59:49',NULL,'2024-07-06 06:59:49',NULL),(738,'2024-07-06',300,'2024-07-06 06:59:49',NULL,'2024-07-06 06:59:49',NULL),(739,'2024-07-06',300,'2024-07-06 06:59:49',NULL,'2024-07-06 06:59:49',NULL),(740,'2024-07-06',300,'2024-07-06 06:59:49',NULL,'2024-07-06 06:59:49',NULL),(741,'2024-07-06',300,'2024-07-06 06:59:49',NULL,'2024-07-06 06:59:49',NULL),(742,'2024-07-06',300,'2024-07-06 06:59:49',NULL,'2024-07-06 06:59:49',NULL),(743,'2024-07-06',300,'2024-07-06 06:59:49',NULL,'2024-07-06 06:59:49',NULL),(744,'2024-07-06',300,'2024-07-06 06:59:49',NULL,'2024-07-06 06:59:49',NULL),(745,'2024-07-06',300,'2024-07-06 06:59:50',NULL,'2024-07-06 06:59:50',NULL),(746,'2024-07-06',300,'2024-07-06 06:59:50',NULL,'2024-07-06 06:59:50',NULL),(747,'2024-07-06',300,'2024-07-06 06:59:50',NULL,'2024-07-06 06:59:50',NULL),(748,'2024-07-06',300,'2024-07-06 06:59:50',NULL,'2024-07-06 06:59:50',NULL),(749,'2024-07-06',300,'2024-07-06 06:59:50',NULL,'2024-07-06 06:59:50',NULL),(750,'2024-07-06',300,'2024-07-06 06:59:50',NULL,'2024-07-06 06:59:50',NULL),(751,'2024-07-06',300,'2024-07-06 06:59:50',NULL,'2024-07-06 06:59:50',NULL),(752,'2024-07-06',300,'2024-07-06 06:59:50',NULL,'2024-07-06 06:59:50',NULL),(753,'2024-07-06',300,'2024-07-06 06:59:51',NULL,'2024-07-06 06:59:51',NULL),(754,'2024-07-06',300,'2024-07-06 06:59:51',NULL,'2024-07-06 06:59:51',NULL),(755,'2024-07-06',300,'2024-07-06 06:59:51',NULL,'2024-07-06 06:59:51',NULL),(756,'2024-07-06',300,'2024-07-06 06:59:51',NULL,'2024-07-06 06:59:51',NULL),(757,'2024-07-06',300,'2024-07-06 06:59:51',NULL,'2024-07-06 06:59:51',NULL),(758,'2024-07-06',300,'2024-07-06 06:59:51',NULL,'2024-07-06 06:59:51',NULL),(759,'2024-07-06',300,'2024-07-06 06:59:51',NULL,'2024-07-06 06:59:51',NULL),(760,'2024-07-06',300,'2024-07-06 06:59:51',NULL,'2024-07-06 06:59:51',NULL),(761,'2024-07-06',300,'2024-07-06 06:59:52',NULL,'2024-07-06 06:59:52',NULL),(762,'2024-07-06',300,'2024-07-06 06:59:52',NULL,'2024-07-06 06:59:52',NULL),(763,'2024-07-06',300,'2024-07-06 06:59:52',NULL,'2024-07-06 06:59:52',NULL),(764,'2024-07-06',300,'2024-07-06 06:59:52',NULL,'2024-07-06 06:59:52',NULL),(765,'2024-07-06',300,'2024-07-06 06:59:52',NULL,'2024-07-06 06:59:52',NULL),(766,'2024-07-06',300,'2024-07-06 06:59:52',NULL,'2024-07-06 06:59:52',NULL),(767,'2024-07-06',300,'2024-07-06 06:59:52',NULL,'2024-07-06 06:59:52',NULL),(768,'2024-07-06',300,'2024-07-06 06:59:52',NULL,'2024-07-06 06:59:52',NULL),(769,'2024-07-06',300,'2024-07-06 06:59:56',NULL,'2024-07-06 06:59:56',NULL),(770,'2024-07-06',300,'2024-07-06 06:59:56',NULL,'2024-07-06 06:59:56',NULL),(771,'2024-07-06',300,'2024-07-06 06:59:56',NULL,'2024-07-06 06:59:56',NULL),(772,'2024-07-06',300,'2024-07-06 06:59:56',NULL,'2024-07-06 06:59:56',NULL),(773,'2024-07-06',300,'2024-07-06 06:59:56',NULL,'2024-07-06 06:59:56',NULL),(774,'2024-07-06',300,'2024-07-06 06:59:57',NULL,'2024-07-06 06:59:57',NULL),(775,'2024-07-06',300,'2024-07-06 06:59:57',NULL,'2024-07-06 06:59:57',NULL),(776,'2024-07-06',300,'2024-07-06 06:59:57',NULL,'2024-07-06 06:59:57',NULL),(777,'2024-07-06',300,'2024-07-06 06:59:57',NULL,'2024-07-06 06:59:57',NULL),(778,'2024-07-06',300,'2024-07-06 06:59:57',NULL,'2024-07-06 06:59:57',NULL),(779,'2024-07-06',300,'2024-07-06 06:59:57',NULL,'2024-07-06 06:59:57',NULL),(780,'2024-07-06',300,'2024-07-06 06:59:57',NULL,'2024-07-06 06:59:57',NULL),(781,'2024-07-06',300,'2024-07-06 06:59:57',NULL,'2024-07-06 06:59:57',NULL),(782,'2024-07-06',300,'2024-07-06 06:59:57',NULL,'2024-07-06 06:59:57',NULL),(783,'2024-07-06',300,'2024-07-06 06:59:57',NULL,'2024-07-06 06:59:57',NULL),(784,'2024-07-06',300,'2024-07-06 06:59:57',NULL,'2024-07-06 06:59:57',NULL),(785,'2024-07-06',300,'2024-07-06 06:59:58',NULL,'2024-07-06 06:59:58',NULL),(786,'2024-07-06',300,'2024-07-06 06:59:58',NULL,'2024-07-06 06:59:58',NULL),(787,'2024-07-06',300,'2024-07-06 06:59:59',NULL,'2024-07-06 06:59:59',NULL),(788,'2024-07-06',300,'2024-07-06 06:59:59',NULL,'2024-07-06 06:59:59',NULL),(789,'2024-07-06',300,'2024-07-06 06:59:59',NULL,'2024-07-06 06:59:59',NULL),(790,'2024-07-06',300,'2024-07-06 06:59:59',NULL,'2024-07-06 06:59:59',NULL),(791,'2024-07-06',300,'2024-07-06 07:01:51',NULL,'2024-07-06 07:01:51',NULL),(792,'2024-07-06',300,'2024-07-06 07:01:51',NULL,'2024-07-06 07:01:51',NULL),(793,'2024-07-06',300,'2024-07-06 07:01:52',NULL,'2024-07-06 07:01:52',NULL),(794,'2024-07-06',300,'2024-07-06 07:01:52',NULL,'2024-07-06 07:01:52',NULL),(795,'2024-07-06',300,'2024-07-06 07:02:14',NULL,'2024-07-06 07:02:14',NULL),(796,'2024-07-06',300,'2024-07-06 07:02:14',NULL,'2024-07-06 07:02:14',NULL),(797,'2024-07-06',300,'2024-07-06 07:03:09',NULL,'2024-07-06 07:03:09',NULL),(798,'2024-07-06',300,'2024-07-06 07:03:09',NULL,'2024-07-06 07:03:09',NULL),(799,'2024-07-06',300,'2024-07-06 07:05:19',NULL,'2024-07-06 07:05:19',NULL),(800,'2024-07-06',300,'2024-07-06 07:05:19',NULL,'2024-07-06 07:05:19',NULL),(801,'2024-07-06',300,'2024-07-06 07:05:19',NULL,'2024-07-06 07:05:19',NULL),(802,'2024-07-06',300,'2024-07-06 07:05:19',NULL,'2024-07-06 07:05:19',NULL),(803,'2024-07-06',300,'2024-07-06 07:06:06',NULL,'2024-07-06 07:06:06',NULL),(804,'2024-07-06',300,'2024-07-06 07:06:06',NULL,'2024-07-06 07:06:06',NULL),(805,'2024-07-06',300,'2024-07-06 07:06:07',NULL,'2024-07-06 07:06:07',NULL),(806,'2024-07-06',300,'2024-07-06 07:06:07',NULL,'2024-07-06 07:06:07',NULL),(807,'2024-07-06',300,'2024-07-06 07:06:07',NULL,'2024-07-06 07:06:07',NULL),(808,'2024-07-06',300,'2024-07-06 07:06:07',NULL,'2024-07-06 07:06:07',NULL),(809,'2024-07-06',300,'2024-07-06 07:06:41',NULL,'2024-07-06 07:06:41',NULL),(810,'2024-07-06',300,'2024-07-06 07:06:41',NULL,'2024-07-06 07:06:41',NULL),(811,'2024-07-06',300,'2024-07-06 07:06:42',NULL,'2024-07-06 07:06:42',NULL),(812,'2024-07-06',300,'2024-07-06 07:06:42',NULL,'2024-07-06 07:06:42',NULL),(813,'2024-07-06',300,'2024-07-06 07:07:15',NULL,'2024-07-06 07:07:15',NULL),(814,'2024-07-06',300,'2024-07-06 07:07:15',NULL,'2024-07-06 07:07:15',NULL),(815,'2024-07-06',300,'2024-07-06 07:07:19',NULL,'2024-07-06 07:07:19',NULL),(816,'2024-07-06',300,'2024-07-06 07:07:19',NULL,'2024-07-06 07:07:19',NULL),(817,'2024-07-06',300,'2024-07-06 07:11:47',NULL,'2024-07-06 07:11:47',NULL),(818,'2024-07-06',300,'2024-07-06 07:11:47',NULL,'2024-07-06 07:11:47',NULL),(819,'2024-07-06',300,'2024-07-06 07:13:40',NULL,'2024-07-06 07:13:40',NULL),(820,'2024-07-06',300,'2024-07-06 07:13:40',NULL,'2024-07-06 07:13:40',NULL),(821,'2024-07-06',300,'2024-07-06 07:13:41',NULL,'2024-07-06 07:13:41',NULL),(822,'2024-07-06',300,'2024-07-06 07:13:41',NULL,'2024-07-06 07:13:41',NULL),(823,'2024-07-06',300,'2024-07-06 07:16:57',NULL,'2024-07-06 07:16:57',NULL),(824,'2024-07-06',300,'2024-07-06 07:16:57',NULL,'2024-07-06 07:16:57',NULL),(825,'2024-07-06',300,'2024-07-06 07:16:58',NULL,'2024-07-06 07:16:58',NULL),(826,'2024-07-06',300,'2024-07-06 07:16:58',NULL,'2024-07-06 07:16:58',NULL),(827,'2024-07-06',300,'2024-07-06 07:20:47',NULL,'2024-07-06 07:20:47',NULL),(828,'2024-07-06',300,'2024-07-06 07:20:47',NULL,'2024-07-06 07:20:47',NULL),(829,'2024-07-06',300,'2024-07-06 07:20:48',NULL,'2024-07-06 07:20:48',NULL),(830,'2024-07-06',300,'2024-07-06 07:20:48',NULL,'2024-07-06 07:20:48',NULL),(831,'2024-07-06',300,'2024-07-06 07:21:30',NULL,'2024-07-06 07:21:30',NULL),(832,'2024-07-06',300,'2024-07-06 07:21:30',NULL,'2024-07-06 07:21:30',NULL),(833,'2024-07-06',300,'2024-07-06 07:21:31',NULL,'2024-07-06 07:21:31',NULL),(834,'2024-07-06',300,'2024-07-06 07:21:31',NULL,'2024-07-06 07:21:31',NULL),(835,'2024-07-06',300,'2024-07-06 07:22:32',NULL,'2024-07-06 07:22:32',NULL),(836,'2024-07-06',300,'2024-07-06 07:22:32',NULL,'2024-07-06 07:22:32',NULL),(837,'2024-07-06',300,'2024-07-06 07:22:33',NULL,'2024-07-06 07:22:33',NULL),(838,'2024-07-06',300,'2024-07-06 07:22:33',NULL,'2024-07-06 07:22:33',NULL),(839,'2024-07-06',300,'2024-07-06 08:21:06',NULL,'2024-07-06 08:21:06',NULL),(840,'2024-07-06',300,'2024-07-06 08:21:06',NULL,'2024-07-06 08:21:06',NULL),(841,'2024-07-06',190,'2024-07-06 08:28:49',NULL,'2024-07-06 08:28:49',NULL),(842,'2024-07-06',190,'2024-07-06 08:28:49',NULL,'2024-07-06 08:28:49',NULL),(843,'2024-07-06',190,'2024-07-06 08:30:09',NULL,'2024-07-06 08:30:09',NULL),(844,'2024-07-06',190,'2024-07-06 08:30:09',NULL,'2024-07-06 08:30:09',NULL),(845,'2024-07-08',290,'2024-07-08 05:08:07',NULL,'2024-07-08 05:08:07',NULL),(846,'2024-07-08',290,'2024-07-08 05:08:07',NULL,'2024-07-08 05:08:07',NULL),(847,'2024-07-08',300000,'2024-07-08 06:12:00',NULL,'2024-07-08 06:12:00',NULL),(848,'2024-07-08',300000,'2024-07-08 06:12:00',NULL,'2024-07-08 06:12:00',NULL),(849,'2024-07-08',100000,'2024-07-08 06:36:28',NULL,'2024-07-08 06:36:28',NULL),(850,'2024-07-08',100000,'2024-07-08 06:36:28',NULL,'2024-07-08 06:36:28',NULL),(851,'2024-07-08',100000,'2024-07-08 06:43:20',NULL,'2024-07-08 06:43:20',NULL),(852,'2024-07-08',100000,'2024-07-08 06:43:20',NULL,'2024-07-08 06:43:20',NULL),(853,'2024-07-08',100000,'2024-07-08 06:56:24',NULL,'2024-07-08 06:56:24',NULL),(854,'2024-07-08',100000,'2024-07-08 06:56:24',NULL,'2024-07-08 06:56:24',NULL),(855,'2024-07-08',10000,'2024-07-08 06:58:49',NULL,'2024-07-08 06:58:49',NULL),(856,'2024-07-08',5000,'2024-07-08 06:59:11',NULL,'2024-07-08 06:59:11',NULL),(857,'2024-07-08',5000,'2024-07-08 06:59:47',NULL,'2024-07-08 06:59:47',NULL),(858,'2024-07-08',10000,'2024-07-08 07:02:50',NULL,'2024-07-08 07:02:50',NULL),(859,'2024-07-08',10000,'2024-07-08 07:03:07',NULL,'2024-07-08 07:03:07',NULL),(860,'2024-07-08',50000,'2024-07-08 07:03:37',NULL,'2024-07-08 07:03:37',NULL);
/*!40000 ALTER TABLE `tbl_vaoucher` ENABLE KEYS */;
UNLOCK TABLES;

--
-- Table structure for table `user`
--

DROP TABLE IF EXISTS `user`;
/*!40101 SET @saved_cs_client     = @@character_set_client */;
/*!50503 SET character_set_client = utf8mb4 */;
CREATE TABLE `user` (
  `id` int NOT NULL AUTO_INCREMENT,
  `userName` varchar(255) NOT NULL,
  `email` varchar(255) NOT NULL,
  `password` varchar(255) NOT NULL,
  PRIMARY KEY (`id`),
  UNIQUE KEY `email` (`email`)
) ENGINE=InnoDB AUTO_INCREMENT=8 DEFAULT CHARSET=utf8mb4 COLLATE=utf8mb4_0900_ai_ci;
/*!40101 SET character_set_client = @saved_cs_client */;

--
-- Dumping data for table `user`
--

LOCK TABLES `user` WRITE;
/*!40000 ALTER TABLE `user` DISABLE KEYS */;
INSERT INTO `user` VALUES (7,'chaitanya Khandagale','ckhandagale49@gmail.com','$2b$10$P25LttwgCsWvy380WxgQt.h13CKo.5Ztz5VYpevlDpA/NuyJX6RTS');
/*!40000 ALTER TABLE `user` ENABLE KEYS */;
UNLOCK TABLES;
/*!40103 SET TIME_ZONE=@OLD_TIME_ZONE */;

/*!40101 SET SQL_MODE=@OLD_SQL_MODE */;
/*!40014 SET FOREIGN_KEY_CHECKS=@OLD_FOREIGN_KEY_CHECKS */;
/*!40014 SET UNIQUE_CHECKS=@OLD_UNIQUE_CHECKS */;
/*!40101 SET CHARACTER_SET_CLIENT=@OLD_CHARACTER_SET_CLIENT */;
/*!40101 SET CHARACTER_SET_RESULTS=@OLD_CHARACTER_SET_RESULTS */;
/*!40101 SET COLLATION_CONNECTION=@OLD_COLLATION_CONNECTION */;
/*!40111 SET SQL_NOTES=@OLD_SQL_NOTES */;

-- Dump completed on 2024-07-15 18:18:36
